Customer_ID,Age,Income,Credit_Score,Credit_Utilization,Missed_Payments,Delinquent_Account,Loan_Balance,Debt_to_Income_Ratio,Employment_Status,Account_Tenure,Credit_Card_Type,Location,Month_1,Month_2,Month_3,Month_4,Month_5,Month_6,_Credit_Utilization_raw,_Debt_to_Income_Ratio_raw
CUST0001,56,165580.0,398.0,0.390501928600237,3,0.0,16310.0,0.31739611496857,EMP,18.0,Student,Los Angeles,Late,Late,Missed,Late,Missed,Late,0.390501928600237,0.31739611496857
CUST0002,69,100999.0,493.0,0.3124440332260169,6,1.0,17401.0,0.196092643360821,Self-employed,0.0,Standard,Phoenix,Missed,Missed,Late,Missed,On-time,On-time,0.3124440332260169,0.196092643360821
CUST0003,46,188416.0,500.0,0.359930238508409,0,0.0,13761.0,0.301654939890911,Self-employed,1.0,Platinum,Chicago,Missed,Late,Late,On-time,Missed,Late,0.359930238508409,0.301654939890911
CUST0004,32,101672.0,413.0,0.3714003553038239,3,0.0,88778.0,0.264794439228806,Unemployed,15.0,Platinum,Phoenix,Late,Missed,Late,Missed,Late,Late,0.3714003553038239,0.264794439228806
CUST0005,60,38524.0,487.0,0.2347158626282009,2,0.0,13316.0,0.5105834825348479,Self-employed,11.0,Standard,Phoenix,Missed,On-time,Missed,Late,Late,Late,0.2347158626282009,0.5105834825348479
CUST0006,25,84042.0,700.0,0.6505404297145249,6,0.0,48361.0,0.260687881080009,Unemployed,7.0,Gold,New York,On-time,Late,Missed,Missed,Missed,Late,0.6505404297145249,0.260687881080009
CUST0007,38,35056.0,354.0,0.390580940522579,3,0.0,4638.0,0.4842651372883339,employed,17.0,Platinum,New York,On-time,Missed,Missed,Late,Missed,Late,0.390580940522579,0.4842651372883339
CUST0008,56,123215.0,415.0,0.5327146671177309,5,0.0,55776.0,0.358695229118337,EMP,1.0,Student,New York,On-time,On-time,On-time,Late,Missed,Late,0.5327146671177309,0.358695229118337
CUST0009,36,66991.0,405.0,0.413034847617951,5,1.0,0.219854102927027,,12,,Phoenix,On-time,On-time,On-time,Missed,Late,On-time,,0.413034847617951,
CUST0010,40,34870.0,679.0,0.361823917542758,4,0.0,93922.0,0.333081092525975,EMP,5.0,Business,Los Angeles,On-time,Missed,Missed,On-time,Missed,Missed,0.361823917542758,0.333081092525975
CUST0011,28,42532.0,340.0,0.8344558472173699,4,0.0,82909.0,0.269559025366218,Unemployed,5.0,Student,Chicago,On-time,Late,Missed,Missed,On-time,Late,0.8344558472173699,0.269559025366218
CUST0012,28,70479.0,679.0,0.684586436441881,3,0.0,75777.0,0.3242157490741229,Unemployed,8.0,Business,Chicago,On-time,Missed,Missed,Late,On-time,Late,0.684586436441881,0.3242157490741229
CUST0013,41,56975.0,320.0,0.126359920008971,0,0.0,15171.0,0.2286109012566729,EMP,15.0,Standard,Los Angeles,Late,Late,Missed,Late,On-time,On-time,0.126359920008971,0.2286109012566729
CUST0014,70,117023.0,528.0,0.105172510332822,5,0.0,95136.0,0.4690177633345949,retired,10.0,Standard,Los Angeles,On-time,Missed,Missed,Missed,On-time,On-time,0.105172510332822,0.4690177633345949
CUST0015,53,143148.0,617.0,0.7085217671272969,0,0.0,2593.0,0.392539809079672,Unemployed,6.0,Standard,Chicago,Late,Missed,Late,Late,Late,Late,0.7085217671272969,0.392539809079672
CUST0016,57,159356.0,601.0,0.396029321690249,0,0.0,1514.0,0.303178156816159,Self-employed,9.0,Gold,Houston,Missed,On-time,Late,Missed,Missed,Late,0.396029321690249,0.303178156816159
CUST0017,41,146484.0,543.0,0.1701835332131549,3,0.0,74039.0,0.472911476806953,Self-employed,9.0,Gold,New York,Late,Missed,On-time,Missed,Missed,Late,0.1701835332131549,0.472911476806953
CUST0018,20,183152.0,823.0,0.709147026508068,0,1.0,28018.0,0.3074279244082839,Unemployed,19.0,Business,New York,On-time,On-time,Late,Late,On-time,Late,0.709147026508068,0.3074279244082839
CUST0019,39,81040.0,831.0,0.5338248100198179,5,0.0,16034.0,0.409762496486116,Unemployed,17.0,Student,Chicago,Missed,On-time,On-time,Late,On-time,Missed,0.5338248100198179,0.409762496486116
CUST0020,70,181319.0,486.0,0.5503142169664629,2,0.0,2420.0,0.303830058752242,retired,19.0,Student,Los Angeles,Late,Missed,Late,Late,Late,Missed,0.5503142169664629,0.303830058752242
CUST0021,19,199402.0,783.0,0.661907854401181,4,0.0,43942.0,0.339388759481057,Self-employed,8.0,Standard,Houston,Late,Late,On-time,On-time,On-time,Late,0.661907854401181,0.339388759481057
CUST0022,41,40351.0,690.0,0.2380045683435209,2,1.0,2200.0,0.291856121905722,Unemployed,14.0,Platinum,Chicago,Missed,Missed,On-time,On-time,Late,Missed,0.2380045683435209,0.291856121905722
CUST0023,61,154487.0,321.0,0.173699835723167,0,0.0,81757.0,0.3095301353873929,Unemployed,3.0,Gold,New York,Late,On-time,On-time,On-time,Late,On-time,0.173699835723167,0.3095301353873929
CUST0024,47,108468.0,538.0,0.81619085898064,2,1.0,0.317053186038799,,7,,Phoenix,Late,Late,Late,On-time,Late,Late,,0.81619085898064,
CUST0025,55,41646.0,847.0,0.212566647851541,5,0.0,28018.0,0.2330268167511599,retired,8.0,Standard,Los Angeles,On-time,Missed,Missed,Missed,Late,Late,0.212566647851541,0.2330268167511599
CUST0026,19,193998.0,515.0,0.255552440584887,5,0.0,0.2598931333076909,,12,,Phoenix,Late,Missed,On-time,Late,Missed,On-time,,0.255552440584887,
CUST0027,38,89740.0,789.0,0.295512924090846,0,0.0,89660.0,0.278324498351382,retired,8.0,Standard,Chicago,Missed,On-time,Missed,Missed,Missed,On-time,0.295512924090846,0.278324498351382
CUST0028,50,136790.0,525.0,0.915989184738104,3,0.0,43870.0,0.322971101680229,Employed,3.0,Business,New York,Missed,On-time,Late,Late,Missed,On-time,0.915989184738104,0.322971101680229
CUST0029,29,86726.0,588.0,0.598676660082304,2,0.0,0.2969420980496529,,16,,Houston,Late,Late,Missed,On-time,Late,On-time,,0.598676660082304,
CUST0030,39,88523.0,523.0,0.6930815948870759,3,0.0,29561.0,0.41730325338257,EMP,15.0,Platinum,Phoenix,Late,On-time,On-time,On-time,Late,On-time,0.6930815948870759,0.41730325338257
CUST0031,61,72458.0,374.0,0.5392335091157449,3,0.0,60530.0,0.3847118318979639,Employed,14.0,Student,Houston,On-time,Missed,Late,Missed,On-time,Missed,0.5392335091157449,0.3847118318979639
CUST0032,42,60106.0,385.0,0.379622557759753,1,0.0,46663.0,0.280367244397462,Unemployed,2.0,Student,New York,On-time,Late,Late,On-time,On-time,Missed,0.379622557759753,0.280367244397462
CUST0033,66,106362.0,806.0,0.626258256652033,0,1.0,11308.0,0.438178389745193,Unemployed,19.0,Business,Phoenix,Late,Late,Late,Late,Late,On-time,0.626258256652033,0.438178389745193
CUST0034,44,99076.0,440.0,0.188676805840639,4,0.0,99005.0,0.4873020623575449,EMP,4.0,Gold,Houston,Missed,Late,Late,Missed,On-time,Missed,0.188676805840639,0.4873020623575449
CUST0035,59,69693.0,316.0,0.280943309580701,5,1.0,60278.0,0.1,retired,4.0,Platinum,Houston,On-time,Missed,Late,Late,On-time,Late,0.280943309580701,0.1
CUST0036,45,137402.0,464.0,0.646595035852296,5,0.0,65119.0,0.393229008506627,Unemployed,19.0,Gold,Phoenix,Missed,Missed,Missed,On-time,On-time,On-time,0.646595035852296,0.393229008506627
CUST0037,33,53756.0,521.0,0.2285489538346429,0,0.0,36029.0,0.23070158026685,employed,14.0,Student,New York,Late,Missed,Missed,On-time,On-time,Missed,0.2285489538346429,0.23070158026685
CUST0038,32,181319.0,467.0,0.462183706167625,6,0.0,62010.0,0.380074802132329,EMP,17.0,Standard,Houston,Missed,On-time,On-time,On-time,Missed,On-time,0.462183706167625,0.380074802132329
CUST0039,64,183152.0,823.0,0.4712975311289169,6,0.0,87164.0,0.4238237940646429,Employed,14.0,Student,Chicago,Late,On-time,Late,Missed,Missed,On-time,0.4712975311289169,0.4238237940646429
CUST0040,68,97750.0,352.0,0.394267599332567,6,0.0,91432.0,0.2123007405489439,EMP,1.0,Gold,Phoenix,On-time,Late,Late,On-time,On-time,On-time,0.394267599332567,0.2123007405489439
CUST0041,61,372.0,0.109776305030228,4.0,0,44454.0,0.114767290098423,,12,,Los Angeles,Late,Missed,Late,On-time,Late,Late,,4.0,
CUST0042,72,81617.0,359.0,0.3742142217622609,5,0.0,11564.0,0.383543408821586,retired,3.0,Standard,Los Angeles,Late,On-time,Late,On-time,Missed,Missed,0.3742142217622609,0.383543408821586
CUST0043,69,792.0,0.3350063246135019,0.0,1,11155.0,0.313540248248361,,9,,New York,On-time,Late,Late,Late,Missed,Missed,,0.0,
CUST0044,74,66991.0,601.0,0.532287972657539,5,0.0,31198.0,0.133156124609737,EMP,12.0,Gold,Chicago,On-time,Late,On-time,Missed,Missed,Late,0.532287972657539,0.133156124609737
CUST0045,20,106267.0,751.0,0.5220981077398928,3,0.0,86447.0,0.552956450546282,Unemployed,9.0,Student,Houston,On-time,Missed,On-time,Late,On-time,Late,0.5220981077398928,0.552956450546282
CUST0046,54,59238.0,401.0,0.575592291987374,2,1.0,0.3624419412256549,,8,,Los Angeles,On-time,Late,Missed,Missed,Late,On-time,,0.575592291987374,
CUST0047,68,153311.0,326.0,0.3648027454051199,2,0.0,5626.0,0.3670100040125149,employed,7.0,Business,New York,Missed,Missed,On-time,Late,Missed,Late,0.3648027454051199,0.3670100040125149
CUST0048,24,146800.0,637.0,0.604555590093178,5,0.0,2687.0,0.436581775256204,employed,2.0,Student,Chicago,On-time,Late,On-time,Missed,On-time,On-time,0.604555590093178,0.436581775256204
CUST0049,38,97750.0,691.0,0.188798653445263,1,0.0,63375.0,0.241917604715349,retired,15.0,Student,Chicago,Late,On-time,On-time,On-time,Missed,Late,0.188798653445263,0.241917604715349
CUST0050,26,118033.0,469.0,0.1356190534695289,4,0.0,92865.0,0.3130454112088669,employed,13.0,Gold,New York,Late,Missed,Missed,Late,On-time,Missed,0.1356190534695289,0.3130454112088669
CUST0051,56,169865.0,336.0,0.05,6,0.0,92183.0,0.168067808622023,Employed,8.0,Gold,New York,Missed,Late,On-time,Late,Late,On-time,0.05,0.168067808622023
CUST0052,35,109074.0,383.0,0.4001405520856,4,0.0,0.239205155271481,,10,,Houston,Late,Missed,Late,Late,Missed,On-time,,0.4001405520856,
CUST0053,21,185806.0,823.0,0.349340355132288,4,0.0,0.338566000046923,,2,,New York,Missed,Missed,Late,On-time,On-time,Missed,,0.349340355132288,
CUST0054,42,194819.0,339.0,0.65786312237092,3,0.0,29427.0,0.133471533286754,employed,4.0,Standard,Houston,Late,Missed,On-time,On-time,On-time,Missed,0.65786312237092,0.133471533286754
CUST0055,31,90353.0,711.0,0.370267482590226,4,0.0,69342.0,0.236371045432191,retired,9.0,Student,Houston,Late,On-time,On-time,On-time,Late,Late,0.370267482590226,0.236371045432191
CUST0056,67,198401.0,715.0,0.554675269588853,2,0.0,17401.0,0.207206604006227,retired,12.0,Gold,Phoenix,On-time,Late,Late,On-time,Late,Late,0.554675269588853,0.207206604006227
CUST0057,26,76629.0,673.0,0.662659315316615,3,0.0,35372.0,0.3142092245620339,Employed,3.0,Student,Chicago,On-time,Late,Late,Late,Missed,On-time,0.662659315316615,0.3142092245620339
CUST0058,43,107193.0,843.0,0.362736184870176,0,0.0,70793.0,0.357470126166534,EMP,12.0,Student,Chicago,Missed,Missed,Missed,Missed,Late,On-time,0.362736184870176,0.357470126166534
CUST0059,70,81040.0,401.0,0.559610442021435,4,0.0,63443.0,0.374215280437645,retired,11.0,Platinum,Chicago,Late,Missed,Missed,Missed,Late,Missed,0.559610442021435,0.374215280437645
CUST0060,19,538.0,0.7003855097910389,4.0,0,37445.0,0.3998816644778149,,4,,Phoenix,On-time,Late,Missed,Late,Missed,On-time,,4.0,
CUST0061,37,140899.0,826.0,0.2523674450388859,0,1.0,64950.0,0.4372116846572369,Unemployed,9.0,Student,Houston,On-time,Missed,Late,Missed,Missed,On-time,0.2523674450388859,0.4372116846572369
CUST0062,45,184160.0,475.0,0.504970467648928,4,0.0,49893.0,0.3607245453683399,Employed,8.0,Gold,Houston,Late,Missed,On-time,On-time,Missed,Missed,0.504970467648928,0.3607245453683399
CUST0063,64,155507.0,801.0,0.3635931233601369,0,0.0,81202.0,0.4887335898894409,retired,19.0,Student,New York,Missed,Late,Late,On-time,Late,On-time,0.3635931233601369,0.4887335898894409
CUST0064,24,109074.0,739.0,0.265102023501372,3,0.0,54247.0,0.3119502521264679,Self-employed,6.0,Platinum,Phoenix,Missed,Missed,Missed,Missed,On-time,Missed,0.265102023501372,0.3119502521264679
CUST0065,61,43251.0,773.0,0.1927096519019539,2,0.0,86488.0,0.282667884574945,Unemployed,1.0,Gold,New York,On-time,Missed,Late,On-time,On-time,Late,0.1927096519019539,0.282667884574945
CUST0066,25,117634.0,815.0,0.261870285564259,0,0.0,95267.0,0.360730736336004,EMP,6.0,Student,Phoenix,Missed,On-time,Missed,Missed,Late,Missed,0.261870285564259,0.360730736336004
CUST0067,64,612.0,0.512005801150402,1.0,0,99005.0,0.2783588825007409,,7,,New York,On-time,Late,On-time,Missed,On-time,On-time,,1.0,
CUST0068,52,172164.0,600.0,0.17783110888765,0,0.0,7468.0,0.485256472877504,Employed,6.0,Business,Los Angeles,Missed,Missed,On-time,Late,Late,Missed,0.17783110888765,0.485256472877504
CUST0069,31,796.0,0.389854595182272,4.0,0,85026.0,0.413098347313521,,13,,Chicago,Missed,Late,Missed,Late,Late,Missed,,4.0,
CUST0070,34,81617.0,822.0,0.662638881370579,6,0.0,24917.0,0.3750278144199509,Self-employed,18.0,Gold,Chicago,Late,Missed,On-time,On-time,On-time,Missed,0.662638881370579,0.3750278144199509
CUST0071,53,196415.0,797.0,0.5898021926837869,6,1.0,77348.0,0.313141934404135,EMP,4.0,Student,Houston,On-time,On-time,Missed,Missed,On-time,Late,0.5898021926837869,0.313141934404135
CUST0072,67,159572.0,371.0,0.393898475412368,3,0.0,16310.0,0.2592522828585129,Unemployed,17.0,Student,Los Angeles,Missed,On-time,On-time,Missed,On-time,On-time,0.393898475412368,0.2592522828585129
CUST0073,57,136465.0,567.0,0.8379380826717439,5,0.0,95303.0,0.3701325004567759,Employed,19.0,Platinum,Chicago,Late,Late,Missed,On-time,On-time,Missed,0.8379380826717439,0.3701325004567759
CUST0074,21,36447.0,448.0,0.878607282782332,3,0.0,13355.0,0.187290254815304,Self-employed,11.0,Business,Houston,On-time,On-time,Missed,Late,On-time,Missed,0.878607282782332,0.187290254815304
CUST0075,19,159188.0,835.0,0.505224486307945,5,0.0,96507.0,0.4534363533441019,Employed,16.0,Platinum,Los Angeles,On-time,On-time,On-time,Missed,On-time,On-time,0.505224486307945,0.4534363533441019
CUST0076,23,181267.0,542.0,0.05,6,0.0,24851.0,0.2822363294614619,retired,12.0,Platinum,Chicago,Missed,Missed,Late,Missed,Late,On-time,0.05,0.2822363294614619
CUST0077,71,611.0,0.677289639403251,6.0,0,23908.0,0.330510673324072,,1,,New York,Late,Missed,Late,On-time,Missed,Missed,,6.0,
CUST0078,59,59425.0,577.0,0.05,0,0.0,65548.0,0.209039892380671,Unemployed,12.0,Platinum,Phoenix,Missed,On-time,On-time,On-time,On-time,On-time,0.05,0.209039892380671
CUST0079,21,97844.0,728.0,0.795229222144013,2,0.0,82909.0,0.372298626311922,Employed,6.0,Business,Los Angeles,On-time,Missed,On-time,Late,On-time,Late,0.795229222144013,0.372298626311922
CUST0080,71,115235.0,427.0,0.7167169801484589,1,0.0,31454.0,0.254625838716167,EMP,9.0,Platinum,Houston,Missed,On-time,Late,On-time,On-time,Late,0.7167169801484589,0.254625838716167
CUST0081,46,189358.0,824.0,0.854842500827604,3,0.0,4617.0,0.364922879030509,retired,5.0,Business,Los Angeles,Missed,Late,Late,On-time,Late,On-time,0.854842500827604,0.364922879030509
CUST0082,35,88847.0,686.0,0.5520531116735449,4,0.0,92329.0,0.375739346897738,retired,2.0,Platinum,Houston,Late,Late,Missed,On-time,Late,Late,0.5520531116735449,0.375739346897738
CUST0083,43,172504.0,835.0,0.427722846563632,5,0.0,28298.0,0.235236788641145,Unemployed,2.0,Business,Los Angeles,On-time,Missed,Late,Late,Missed,Missed,0.427722846563632,0.235236788641145
CUST0084,61,115235.0,820.0,0.409979773261955,4,0.0,10942.0,0.1876470879085999,retired,17.0,Platinum,Houston,Late,Late,Missed,Late,Late,Late,0.409979773261955,0.1876470879085999
CUST0085,51,186230.0,336.0,0.3907479657938199,2,0.0,51440.0,0.453189991654454,EMP,10.0,Platinum,Chicago,On-time,Missed,Late,On-time,Late,On-time,0.3907479657938199,0.453189991654454
CUST0086,27,80215.0,572.0,0.6962137307349399,5,0.0,12707.0,0.280770096597091,Employed,19.0,Gold,New York,Missed,Missed,On-time,Late,Missed,On-time,0.6962137307349399,0.280770096597091
CUST0087,53,141131.0,601.0,0.642454297901175,3,1.0,92865.0,0.322484881604563,Unemployed,4.0,Business,Chicago,On-time,Missed,On-time,Late,On-time,Missed,0.642454297901175,0.322484881604563
CUST0088,31,188416.0,680.0,0.524045126686842,0,0.0,35598.0,0.3485464524646739,retired,18.0,Business,New York,On-time,Late,On-time,Late,Missed,On-time,0.524045126686842,0.3485464524646739
CUST0089,48,129585.0,458.0,0.3555637384146049,4,0.0,51431.0,0.174629987010177,retired,18.0,Business,Chicago,On-time,Late,Missed,Late,Missed,On-time,0.3555637384146049,0.174629987010177
CUST0090,65,127856.0,361.0,1.02584252626005,2,0.0,2200.0,0.346266613681988,EMP,14.0,Standard,Chicago,On-time,Late,On-time,Missed,Missed,On-time,1.02584252626005,0.346266613681988
CUST0091,32,90353.0,664.0,0.682474922792573,3,0.0,20525.0,0.309912653615463,employed,15.0,Platinum,Los Angeles,On-time,Late,Late,On-time,On-time,Late,0.682474922792573,0.309912653615463
CUST0092,25,18709.0,444.0,0.1804576160453179,6,0.0,44437.0,0.2356469302295599,employed,8.0,Business,Phoenix,Missed,Late,Late,On-time,On-time,Late,0.1804576160453179,0.2356469302295599
CUST0093,31,90353.0,372.0,0.396748796812574,6,0.0,59192.0,0.184346401516227,retired,3.0,Standard,Houston,Late,Late,Missed,On-time,Missed,On-time,0.396748796812574,0.184346401516227
CUST0094,40,439.0,0.686355219481741,3.0,0,17401.0,0.3605885547957269,,14,,Houston,On-time,Late,Missed,On-time,On-time,Late,,3.0,
CUST0095,74,35056.0,648.0,0.3400922157534629,3,0.0,67236.0,0.4127712008194869,Unemployed,11.0,Business,Houston,Missed,Late,Missed,Missed,Missed,On-time,0.3400922157534629,0.4127712008194869
CUST0096,57,90353.0,306.0,0.570309591765177,3,0.0,11251.0,0.3178590517392799,retired,2.0,Business,New York,On-time,Late,Missed,Late,Missed,Missed,0.570309591765177,0.3178590517392799
CUST0097,38,121357.0,742.0,0.690159260067229,5,0.0,8110.0,0.1565534658150309,Self-employed,13.0,Standard,Houston,On-time,On-time,Missed,Missed,On-time,On-time,0.690159260067229,0.1565534658150309
CUST0098,33,152326.0,383.0,0.05,3,0.0,10778.0,0.194266718282526,Unemployed,16.0,Platinum,Houston,Missed,Late,On-time,On-time,Missed,On-time,0.05,0.194266718282526
CUST0099,62,189197.0,639.0,0.478392460042149,4,1.0,50183.0,0.256787629067594,employed,18.0,Gold,Los Angeles,Missed,Late,On-time,Missed,On-time,Late,0.478392460042149,0.256787629067594
CUST0100,35,54298.0,495.0,0.486241830713024,2,0.0,13355.0,0.4564619741160749,retired,5.0,Business,Chicago,Late,Missed,Missed,Late,Late,Late,0.486241830713024,0.4564619741160749
CUST0101,64,106007.0,820.0,0.417585508863242,5,0.0,11061.0,0.275324933790112,EMP,3.0,Platinum,Houston,On-time,Late,Missed,Late,Late,Missed,0.417585508863242,0.275324933790112
CUST0102,70,155734.0,563.0,0.560339026989208,3,0.0,79354.0,0.25314310772018,Self-employed,6.0,Gold,Phoenix,Late,Missed,Missed,Missed,Missed,On-time,0.560339026989208,0.25314310772018
CUST0103,41,163216.0,429.0,0.631503921499174,1,1.0,0.132651520032388,,18,,Houston,Late,Missed,Late,Late,Missed,On-time,,0.631503921499174,
CUST0104,43,107658.0,679.0,0.5284101888649209,1,0.0,60628.0,0.2343315209889879,Employed,16.0,Student,New York,Late,On-time,Late,Late,Missed,Missed,0.5284101888649209,0.2343315209889879
CUST0105,42,178165.0,383.0,0.425234521190113,2,0.0,0.1767063646009159,,15,,New York,Missed,On-time,Missed,On-time,On-time,Late,,0.425234521190113,
CUST0106,62,99076.0,340.0,0.626524259956853,6,0.0,30443.0,0.199682016907719,retired,14.0,Standard,New York,Late,Late,Late,Missed,Missed,Missed,0.626524259956853,0.199682016907719
CUST0107,58,117023.0,339.0,0.509810681854871,0,0.0,42556.0,0.311995068015874,Employed,7.0,Gold,Houston,On-time,On-time,Late,Late,Late,On-time,0.509810681854871,0.311995068015874
CUST0108,46,127816.0,820.0,0.4538599173609039,0,0.0,94000.0,0.259883579438882,Self-employed,18.0,Gold,Los Angeles,Missed,Missed,Late,On-time,On-time,Missed,0.4538599173609039,0.259883579438882
CUST0109,32,19748.0,354.0,0.237544122932216,6,0.0,29584.0,0.469949445267134,Employed,7.0,Standard,Phoenix,Missed,Late,On-time,Late,Missed,Late,0.237544122932216,0.469949445267134
CUST0110,62,170026.0,523.0,0.1874690429467839,5,0.0,64950.0,0.4078003372707469,Employed,17.0,Standard,Houston,Missed,Missed,On-time,Late,On-time,On-time,0.1874690429467839,0.4078003372707469
CUST0111,18,43732.0,474.0,0.233754041457185,5,0.0,76774.0,0.2391116062189659,Self-employed,15.0,Platinum,Los Angeles,Missed,Missed,On-time,Late,Late,Late,0.233754041457185,0.2391116062189659
CUST0112,42,16015.0,332.0,0.5556658122440429,5,0.0,8828.0,0.208318215825948,Self-employed,19.0,Platinum,Los Angeles,Late,Missed,Late,Late,Late,On-time,0.5556658122440429,0.208318215825948
CUST0113,24,153311.0,475.0,0.4841842504787289,0,1.0,692.0,0.4382641935664189,Employed,18.0,Standard,Houston,Missed,Late,Late,Late,Missed,On-time,0.4841842504787289,0.4382641935664189
CUST0114,26,725.0,0.203943180358507,1.0,0,77743.0,0.466004248948348,,9,,Houston,On-time,Late,Late,Late,On-time,On-time,,1.0,
CUST0115,41,138961.0,826.0,0.629183565158762,0,0.0,32588.0,0.1,Self-employed,16.0,Student,Los Angeles,On-time,On-time,Missed,Late,Missed,Late,0.629183565158762,0.1
CUST0116,18,121884.0,0.774861902635819,4.0,0,0.3092857623971699,,12.0,Gold,,On-time,Late,Late,Late,Missed,Late,,,4.0,12.0
CUST0117,61,19835.0,629.0,0.380301276656732,3,1.0,55980.0,0.2748121692103269,Unemployed,12.0,Business,Los Angeles,Late,Late,Missed,Missed,Missed,Missed,0.380301276656732,0.2748121692103269
CUST0118,25,84724.0,655.0,0.151803628526325,5,0.0,22510.0,0.3649120140059929,EMP,6.0,Gold,Houston,Late,Late,On-time,Late,On-time,Late,0.151803628526325,0.3649120140059929
CUST0119,41,125448.0,644.0,0.358174723019617,1,1.0,82909.0,0.49426681241615,Employed,9.0,Gold,Los Angeles,On-time,Late,On-time,Missed,Late,Missed,0.358174723019617,0.49426681241615
CUST0120,28,134156.0,584.0,0.670892125358938,2,0.0,30509.0,0.25159429806722,Employed,1.0,Business,New York,Late,Missed,Late,Late,On-time,Missed,0.670892125358938,0.25159429806722
CUST0121,68,190333.0,526.0,0.609705971706954,2,0.0,0.1,,3,,Houston,Missed,On-time,Missed,On-time,On-time,Missed,,0.609705971706954,
CUST0122,34,125226.0,354.0,0.3155134627977039,3,0.0,35598.0,0.3579007700149259,employed,5.0,Student,New York,Late,On-time,On-time,Late,Missed,On-time,0.3155134627977039,0.3579007700149259
CUST0123,25,80953.0,623.0,0.804234427552948,1,1.0,71588.0,0.43899640686042,EMP,17.0,Gold,Chicago,On-time,On-time,Missed,Missed,On-time,Missed,0.804234427552948,0.43899640686042
CUST0124,52,129692.0,522.0,0.7696560131852789,0,0.0,36955.0,0.2696240218480219,Self-employed,5.0,Business,Houston,Late,On-time,On-time,Late,On-time,Late,0.7696560131852789,0.2696240218480219
CUST0125,52,199402.0,427.0,0.353398787344671,0,1.0,0.2294962519860329,,16,,Chicago,On-time,On-time,Late,On-time,Missed,Missed,,0.353398787344671,
CUST0126,50,90880.0,800.0,0.351341999407006,4,1.0,89537.0,0.2562740594622299,Employed,13.0,Gold,Los Angeles,On-time,On-time,Missed,Late,On-time,Late,0.351341999407006,0.2562740594622299
CUST0127,22,118081.0,623.0,0.3814344125241019,4,0.0,16034.0,0.3850205367131229,EMP,10.0,Student,Los Angeles,Late,On-time,Late,Missed,Late,On-time,0.3814344125241019,0.3850205367131229
CUST0128,59,115497.0,693.0,0.3985334449222899,0,0.0,89537.0,0.254553905871501,Unemployed,18.0,Standard,Phoenix,On-time,Late,Late,Missed,Missed,Late,0.3985334449222899,0.254553905871501
CUST0129,56,199402.0,777.0,0.6901076015856878,2,1.0,96507.0,0.332876030034284,retired,1.0,Gold,Los Angeles,Late,Missed,On-time,Missed,Missed,Missed,0.6901076015856878,0.332876030034284
CUST0130,58,166836.0,781.0,0.585065812095318,5,0.0,76445.0,0.302780291573994,Self-employed,2.0,Gold,Chicago,On-time,On-time,Missed,Missed,Late,Missed,0.585065812095318,0.302780291573994
CUST0131,45,187627.0,766.0,0.6754157538701169,2,0.0,20052.0,0.2924620387577229,EMP,10.0,Business,Los Angeles,On-time,On-time,On-time,On-time,Missed,Late,0.6754157538701169,0.2924620387577229
CUST0132,24,73141.0,717.0,0.63471302863734,4,0.0,36913.0,0.370129232675223,Employed,5.0,Platinum,Houston,Late,Late,Missed,Late,Missed,On-time,0.63471302863734,0.370129232675223
CUST0133,26,180983.0,427.0,0.842905413638746,3,0.0,77209.0,0.25214201001358,retired,13.0,Platinum,Los Angeles,Missed,Late,Missed,Late,Missed,Late,0.842905413638746,0.25214201001358
CUST0134,25,168772.0,388.0,0.2881228912381709,0,1.0,94363.0,0.2569413439817719,Self-employed,18.0,Standard,Phoenix,Missed,On-time,On-time,Missed,Missed,Missed,0.2881228912381709,0.2569413439817719
CUST0135,29,16252.0,441.0,0.576071706076783,4,0.0,96056.0,0.379760284999975,Employed,15.0,Student,Los Angeles,Late,On-time,Late,On-time,Missed,Late,0.576071706076783,0.379760284999975
CUST0136,51,118333.0,346.0,0.0652357487530604,4,0.0,20081.0,0.201307467583134,employed,6.0,Standard,Chicago,On-time,On-time,Missed,Missed,Missed,Late,0.0652357487530604,0.201307467583134
CUST0137,50,192247.0,387.0,0.236608885180628,5,0.0,28730.0,0.211977980917767,Unemployed,7.0,Gold,Chicago,Missed,Missed,On-time,Missed,On-time,On-time,0.236608885180628,0.211977980917767
CUST0138,65,199294.0,505.0,0.48502932281303,0,0.0,85107.0,0.1739685708656399,employed,18.0,Gold,Los Angeles,Late,Late,Missed,Missed,On-time,On-time,0.48502932281303,0.1739685708656399
CUST0139,72,138961.0,402.0,0.583641322550907,5,1.0,42556.0,0.3849010913276549,Unemployed,19.0,Platinum,Chicago,Missed,On-time,On-time,Late,Late,On-time,0.583641322550907,0.3849010913276549
CUST0140,40,129548.0,794.0,0.4796368515940859,0,0.0,16693.0,0.289476303191873,EMP,15.0,Student,Chicago,On-time,On-time,On-time,Late,Late,On-time,0.4796368515940859,0.289476303191873
CUST0141,41,58088.0,567.0,0.3865615162374639,5,0.0,10951.0,0.168638485392093,Self-employed,6.0,Business,Phoenix,On-time,Late,Missed,On-time,Missed,On-time,0.3865615162374639,0.168638485392093
CUST0142,54,30485.0,617.0,0.4221164245013919,2,0.0,76861.0,0.385380856230906,EMP,8.0,Student,Houston,Late,On-time,Missed,Late,Missed,Late,0.4221164245013919,0.385380856230906
CUST0143,52,178165.0,823.0,0.77388819528482,3,0.0,19977.0,0.2444457838424559,Unemployed,12.0,Gold,Phoenix,On-time,Late,On-time,Missed,On-time,Late,0.77388819528482,0.2444457838424559
CUST0144,61,77292.0,414.0,0.4231935644239709,3,1.0,60348.0,0.2128321921163109,Unemployed,0.0,Business,New York,On-time,Late,Missed,On-time,On-time,On-time,0.4231935644239709,0.2128321921163109
CUST0145,57,694.0,0.849848324408705,0.0,0,3494.0,0.2804321441123039,,7,,Phoenix,On-time,Missed,On-time,Missed,Late,On-time,,0.0,
CUST0146,39,41790.0,681.0,0.658803414708226,1,0.0,17913.0,0.447872360946789,retired,3.0,Student,Los Angeles,Missed,Late,On-time,Late,Late,Missed,0.658803414708226,0.447872360946789
CUST0147,44,31364.0,757.0,0.591507469229646,6,0.0,10942.0,0.260503780350342,Employed,2.0,Business,Houston,Late,On-time,Late,Missed,Late,On-time,0.591507469229646,0.260503780350342
CUST0148,52,129692.0,826.0,0.2612806179357999,4,1.0,5539.0,0.3575338864115579,Self-employed,2.0,Gold,Los Angeles,Missed,Late,Missed,Late,Late,Late,0.2612806179357999,0.3575338864115579
CUST0149,18,15404.0,588.0,0.687047632279925,4,0.0,91432.0,0.372708002045095,EMP,12.0,Student,New York,On-time,On-time,On-time,Late,On-time,On-time,0.687047632279925,0.372708002045095
CUST0150,52,32955.0,302.0,0.4012458844503,0,0.0,19796.0,0.34432732980064,EMP,7.0,Business,Houston,Late,On-time,On-time,Late,On-time,Late,0.4012458844503,0.34432732980064
CUST0151,54,53513.0,328.0,0.2611120483988599,5,0.0,95276.0,0.427107164967426,employed,6.0,Gold,Chicago,On-time,Late,Late,Missed,Late,Missed,0.2611120483988599,0.427107164967426
CUST0152,64,189197.0,524.0,0.602568722615875,1,1.0,6118.0,0.2292883995367719,Unemployed,0.0,Business,Phoenix,On-time,Missed,On-time,Late,On-time,Late,0.602568722615875,0.2292883995367719
CUST0153,31,97986.0,326.0,0.222410787886692,2,0.0,34897.0,0.1956665156949659,Unemployed,15.0,Business,Los Angeles,On-time,Late,Missed,On-time,Missed,Missed,0.222410787886692,0.1956665156949659
CUST0154,20,718.0,0.3475517075740829,5.0,0,39006.0,0.1937033343975,,5,,New York,On-time,Missed,Missed,Late,Late,Missed,,5.0,
CUST0155,18,116570.0,823.0,0.4979768177062169,5,0.0,36342.0,0.28555315847002,EMP,6.0,Gold,Chicago,Missed,Missed,Missed,Late,Late,Late,0.4979768177062169,0.28555315847002
CUST0156,22,119185.0,711.0,0.9436842848229448,0,0.0,44454.0,0.205295334215947,employed,11.0,Student,Phoenix,Late,Missed,On-time,Late,Missed,Missed,0.9436842848229448,0.205295334215947
CUST0157,43,136465.0,823.0,0.362616848841502,0,0.0,92381.0,0.314754091186532,Employed,8.0,Standard,Chicago,On-time,Late,Late,Late,Late,Missed,0.362616848841502,0.314754091186532
CUST0158,72,21801.0,805.0,0.408356696139884,4,1.0,95267.0,0.3076988419724889,retired,10.0,Standard,Phoenix,On-time,On-time,Late,Late,Missed,Missed,0.408356696139884,0.3076988419724889
CUST0159,31,15404.0,316.0,0.646469010884329,0,0.0,71791.0,0.4018573303186039,Self-employed,9.0,Gold,Houston,Late,On-time,On-time,On-time,Missed,On-time,0.646469010884329,0.4018573303186039
CUST0160,56,54081.0,566.0,0.25234086232479,0,0.0,43927.0,0.3291144308236039,Employed,0.0,Business,Chicago,On-time,Late,Missed,On-time,Late,On-time,0.25234086232479,0.3291144308236039
CUST0161,44,74494.0,319.0,0.5885612762041829,0,0.0,48397.0,0.258384814413855,EMP,17.0,Student,Chicago,On-time,Late,Missed,On-time,On-time,Late,0.5885612762041829,0.258384814413855
CUST0162,26,89740.0,385.0,0.741185361523317,4,0.0,96485.0,0.3410849204432679,retired,3.0,Student,Chicago,Late,Missed,Missed,Late,On-time,Late,0.741185361523317,0.3410849204432679
CUST0163,32,116570.0,402.0,0.438581023057779,2,0.0,26000.0,0.196980598010205,retired,4.0,Gold,Houston,Missed,Missed,On-time,Late,Late,Late,0.438581023057779,0.196980598010205
CUST0164,32,117795.0,670.0,0.7052308562793729,2,1.0,14417.0,0.2961859311975679,retired,8.0,Gold,New York,Missed,Missed,On-time,Missed,On-time,On-time,0.7052308562793729,0.2961859311975679
CUST0165,43,97844.0,391.0,0.558289984642361,6,0.0,0.331940123359558,,16,,Phoenix,Missed,Late,Late,Missed,Missed,Late,,0.558289984642361,
CUST0166,59,100999.0,457.0,0.3538636072392429,6,0.0,50989.0,0.3129317598150119,Self-employed,2.0,Platinum,Chicago,Missed,Missed,Late,On-time,Late,Missed,0.3538636072392429,0.3129317598150119
CUST0167,30,21970.0,328.0,0.460439062820698,0,0.0,85107.0,0.341506509493598,EMP,15.0,Gold,Houston,On-time,On-time,Missed,Missed,Late,On-time,0.460439062820698,0.341506509493598
CUST0168,68,185883.0,604.0,0.4240485320039509,6,0.0,13761.0,0.2355953984287199,EMP,4.0,Platinum,New York,On-time,Late,Missed,Missed,On-time,Late,0.4240485320039509,0.2355953984287199
CUST0169,49,53513.0,339.0,0.482472348436704,4,0.0,26549.0,0.415203140280951,retired,15.0,Gold,Phoenix,On-time,Late,Missed,On-time,Missed,Late,0.482472348436704,0.415203140280951
CUST0170,56,150230.0,766.0,0.530543579843965,2,0.0,5539.0,0.4822168949395699,EMP,2.0,Business,Houston,On-time,Missed,On-time,On-time,Late,On-time,0.530543579843965,0.4822168949395699
CUST0171,66,38959.0,310.0,0.617639986994371,5,1.0,67460.0,0.13973238551414,Self-employed,19.0,Business,Phoenix,Missed,Late,Late,Missed,Late,On-time,0.617639986994371,0.13973238551414
CUST0172,69,172504.0,677.0,0.601733649917427,2,0.0,98999.0,0.178440200404575,Self-employed,14.0,Standard,Chicago,Missed,On-time,On-time,Missed,On-time,Late,0.601733649917427,0.178440200404575
CUST0173,49,101188.0,818.0,0.05,2,0.0,74403.0,0.3043083008024379,employed,2.0,Standard,New York,On-time,On-time,Missed,On-time,On-time,Late,0.05,0.3043083008024379
CUST0174,21,47217.0,383.0,0.4805383622455939,4,1.0,31316.0,0.274344901944712,employed,19.0,Platinum,Houston,On-time,Late,On-time,Missed,Missed,Missed,0.4805383622455939,0.274344901944712
CUST0175,47,72458.0,407.0,0.1981156173186469,6,0.0,37445.0,0.4896412405772779,Employed,13.0,Gold,New York,Late,Missed,Missed,Late,Late,Late,0.1981156173186469,0.4896412405772779
CUST0176,54,76476.0,788.0,0.444854549506534,5,0.0,69963.0,0.321978432342446,Self-employed,15.0,Student,Chicago,On-time,Missed,Late,Missed,Missed,Late,0.444854549506534,0.321978432342446
CUST0177,40,159356.0,339.0,0.475242082437816,4,0.0,68636.0,0.439254525372595,Self-employed,16.0,Standard,New York,Late,On-time,Missed,On-time,Missed,Late,0.475242082437816,0.439254525372595
CUST0178,56,165580.0,447.0,0.695229671616941,0,0.0,0.1,,19,,New York,Late,Late,Late,Late,On-time,On-time,,0.695229671616941,
CUST0179,62,108610.0,446.0,0.49397690657998,3,0.0,11061.0,0.3814169483332349,employed,17.0,Student,Los Angeles,Late,Late,Missed,Late,On-time,Missed,0.49397690657998,0.3814169483332349
CUST0180,32,182280.0,467.0,0.551843603668652,2,0.0,74433.0,0.2284483180741669,retired,17.0,Gold,New York,Late,Late,On-time,Late,Missed,Missed,0.551843603668652,0.2284483180741669
CUST0181,60,127816.0,638.0,0.6586112761314848,3,0.0,50183.0,0.226845743038034,retired,13.0,Platinum,Phoenix,On-time,Missed,Late,Missed,On-time,Late,0.6586112761314848,0.226845743038034
CUST0182,46,149415.0,605.0,0.74555045196386,4,0.0,30549.0,0.275164197358787,EMP,17.0,Gold,Houston,Late,Late,On-time,Missed,Missed,On-time,0.74555045196386,0.275164197358787
CUST0183,53,120616.0,469.0,0.475397215328617,4,0.0,69666.0,0.15754163602689,retired,14.0,Standard,Los Angeles,Late,Missed,Late,Missed,On-time,Missed,0.475397215328617,0.15754163602689
CUST0184,30,199943.0,429.0,0.5188358883360809,4,0.0,10951.0,0.3442785525321849,Unemployed,14.0,Student,Houston,Late,Late,Late,Missed,Late,Missed,0.5188358883360809,0.3442785525321849
CUST0185,49,178551.0,811.0,0.50200466044845,3,0.0,47721.0,0.319071496671679,employed,5.0,Gold,Houston,On-time,Late,On-time,Missed,Late,Late,0.50200466044845,0.319071496671679
CUST0186,24,68932.0,792.0,0.391480207113784,4,0.0,84521.0,0.326619224818727,Self-employed,14.0,Gold,Chicago,On-time,On-time,Missed,Late,Late,On-time,0.391480207113784,0.326619224818727
CUST0187,68,23702.0,401.0,0.3461769553115219,0,0.0,31198.0,0.38870310221329,retired,17.0,Gold,Chicago,Late,Late,Missed,On-time,On-time,On-time,0.3461769553115219,0.38870310221329
CUST0188,39,826.0,0.05,4.0,1,7796.0,0.451478204619415,,3,,Los Angeles,Missed,On-time,Late,On-time,On-time,Late,,4.0,
CUST0189,45,67528.0,526.0,0.284667813095134,1,0.0,64950.0,0.2636288950912449,retired,7.0,Platinum,Chicago,On-time,On-time,On-time,Late,Missed,Late,0.284667813095134,0.2636288950912449
CUST0190,19,162851.0,523.0,0.144273833358039,6,0.0,44437.0,0.347735063973647,Employed,14.0,Gold,Chicago,Missed,On-time,On-time,Late,On-time,Late,0.144273833358039,0.347735063973647
CUST0191,59,183513.0,800.0,0.7510396968906499,3,1.0,49016.0,0.3292988208334969,Self-employed,2.0,Standard,Chicago,Missed,On-time,Late,Late,Late,On-time,0.7510396968906499,0.3292988208334969
CUST0192,62,42192.0,301.0,0.537683201659485,1,0.0,0.3377614506328939,,14,,Houston,Missed,Missed,Late,Missed,On-time,Late,,0.537683201659485,
CUST0193,74,32019.0,475.0,0.474812205410633,4,0.0,22835.0,0.339259766446598,Self-employed,12.0,Business,Los Angeles,On-time,On-time,On-time,On-time,Missed,Missed,0.474812205410633,0.339259766446598
CUST0194,70,67638.0,612.0,0.356502962783783,0,0.0,34897.0,0.459050334456483,employed,8.0,Standard,Houston,Missed,Late,Missed,Missed,Missed,Missed,0.356502962783783,0.459050334456483
CUST0195,23,198401.0,820.0,0.505955852646924,2,1.0,42556.0,0.25403231315107,EMP,1.0,Business,Phoenix,Missed,Missed,Missed,Late,On-time,Late,0.505955852646924,0.25403231315107
CUST0196,45,153429.0,836.0,0.330404024468933,5,0.0,0.147426409679631,,7,,Houston,Late,On-time,Missed,Late,Late,Missed,,0.330404024468933,
CUST0197,45,141020.0,670.0,0.5348037113241199,6,0.0,39259.0,0.230212623138411,retired,19.0,Gold,Phoenix,On-time,Late,On-time,Missed,Late,Missed,0.5348037113241199,0.230212623138411
CUST0198,61,59238.0,847.0,0.54914679658427,5,1.0,22835.0,0.3757266933535399,Unemployed,16.0,Standard,New York,On-time,Missed,Missed,On-time,On-time,On-time,0.54914679658427,0.3757266933535399
CUST0199,61,88847.0,751.0,0.327723259528651,4,0.0,72809.0,0.302332950864717,Employed,12.0,Business,New York,Missed,Late,Late,On-time,Missed,Missed,0.327723259528651,0.302332950864717
CUST0200,37,69098.0,648.0,0.323907607035518,6,0.0,85014.0,0.2532400659505,retired,0.0,Gold,Phoenix,Late,Late,Missed,On-time,On-time,Late,0.323907607035518,0.2532400659505
CUST0201,47,62295.0,383.0,0.692439870919023,6,0.0,49016.0,0.192350273159035,employed,1.0,Student,Phoenix,On-time,Late,Late,Late,Missed,On-time,0.692439870919023,0.192350273159035
CUST0202,28,164143.0,310.0,0.489428009141739,0,0.0,95376.0,0.322128612173053,EMP,14.0,Platinum,Houston,Missed,Missed,Missed,Missed,On-time,Missed,0.489428009141739,0.322128612173053
CUST0203,72,143778.0,352.0,0.3437959141470209,6,0.0,10778.0,0.36445062752738,employed,11.0,Platinum,Phoenix,Missed,On-time,Late,Late,Missed,Late,0.3437959141470209,0.36445062752738
CUST0204,45,154487.0,725.0,0.425898739662096,3,0.0,95930.0,0.330587205509602,Employed,13.0,Gold,Los Angeles,Missed,Late,Late,Missed,Missed,Missed,0.425898739662096,0.330587205509602
CUST0205,42,107658.0,836.0,0.297881182658678,1,0.0,27697.0,0.2746669668845049,Unemployed,1.0,Business,New York,Late,Missed,On-time,Late,Late,On-time,0.297881182658678,0.2746669668845049
CUST0206,56,166456.0,522.0,0.4865632838676159,1,1.0,33772.0,0.314664128429746,retired,17.0,Gold,New York,On-time,On-time,Missed,Late,Missed,On-time,0.4865632838676159,0.314664128429746
CUST0207,50,36447.0,610.0,0.6663256615328929,1,0.0,42637.0,0.314084296655741,employed,6.0,Business,Phoenix,On-time,Missed,Missed,Late,Late,Late,0.6663256615328929,0.314084296655741
CUST0208,18,165159.0,679.0,0.4944658664811469,3,0.0,3081.0,0.3189696931217659,Self-employed,5.0,Student,Chicago,Missed,Missed,On-time,On-time,Late,On-time,0.4944658664811469,0.3189696931217659
CUST0209,74,709.0,0.9727266887350768,5.0,0,0.1815695048980869,,13.0,Business,,On-time,On-time,Missed,Missed,Missed,On-time,,,5.0,13.0
CUST0210,44,40934.0,566.0,0.5842719136098,0,0.0,8828.0,0.319732635061487,employed,7.0,Gold,Phoenix,On-time,On-time,On-time,Missed,Missed,Missed,0.5842719136098,0.319732635061487
CUST0211,74,58088.0,701.0,0.5459908895684419,6,0.0,1217.0,0.2559403531533799,EMP,1.0,Student,Los Angeles,Late,On-time,Missed,Missed,On-time,On-time,0.5459908895684419,0.2559403531533799
CUST0212,69,149415.0,618.0,0.318339573806838,3,0.0,83604.0,0.4040618606009749,retired,16.0,Standard,Chicago,Late,Late,Missed,On-time,On-time,Missed,0.318339573806838,0.4040618606009749
CUST0213,30,84836.0,776.0,0.4522933106314659,1,0.0,82909.0,0.313291864175027,Self-employed,4.0,Platinum,Phoenix,Late,On-time,Late,On-time,Missed,On-time,0.4522933106314659,0.313291864175027
CUST0214,58,97986.0,792.0,0.344197231393261,4,0.0,13761.0,0.383547922182289,Unemployed,13.0,Gold,Los Angeles,Missed,Late,On-time,On-time,Late,Missed,0.344197231393261,0.383547922182289
CUST0215,20,166836.0,600.0,0.0668709543191752,2,0.0,47695.0,0.269821861295024,Unemployed,19.0,Gold,Los Angeles,On-time,Missed,Late,On-time,On-time,On-time,0.0668709543191752,0.269821861295024
CUST0216,56,191517.0,781.0,0.694852444425761,6,0.0,11564.0,0.273428616238854,Self-employed,2.0,Gold,Houston,Late,On-time,On-time,On-time,Late,Missed,0.694852444425761,0.273428616238854
CUST0217,23,38289.0,682.0,0.397709888889953,3,0.0,43870.0,0.449425124625633,EMP,4.0,Student,Los Angeles,On-time,Missed,On-time,Missed,Missed,Missed,0.397709888889953,0.449425124625633
CUST0218,25,115497.0,617.0,0.3479199851333379,3,0.0,92149.0,0.34363351884155,retired,15.0,Standard,Chicago,On-time,Late,Late,On-time,Missed,Missed,0.3479199851333379,0.34363351884155
CUST0219,44,72108.0,339.0,0.5421140067916929,0,0.0,23748.0,0.228548546759426,employed,17.0,Business,Chicago,On-time,On-time,Late,Missed,On-time,Missed,0.5421140067916929,0.228548546759426
CUST0220,26,54298.0,836.0,0.602499910444303,0,0.0,15424.0,0.389697443862047,Self-employed,16.0,Standard,Phoenix,On-time,Missed,Late,Missed,Missed,Missed,0.602499910444303,0.389697443862047
CUST0221,54,187312.0,825.0,0.4358450334187439,3,0.0,21613.0,0.246669526657212,Employed,10.0,Student,Phoenix,Late,Missed,On-time,Late,Missed,Late,0.4358450334187439,0.246669526657212
CUST0222,50,146456.0,768.0,0.499479666478196,1,1.0,41743.0,0.322569813781152,EMP,16.0,Gold,Los Angeles,Late,Late,Missed,Missed,On-time,Late,0.499479666478196,0.322569813781152
CUST0223,68,52131.0,565.0,0.6492374814628799,2,0.0,24851.0,0.48366746308594,Unemployed,15.0,Platinum,New York,Missed,On-time,Late,On-time,Late,Late,0.6492374814628799,0.48366746308594
CUST0224,59,88963.0,572.0,0.42796128107801,6,0.0,41958.0,0.156871761236194,Self-employed,1.0,Gold,Houston,On-time,Missed,On-time,Late,Missed,On-time,0.42796128107801,0.156871761236194
CUST0225,61,535.0,0.5604667483526659,0.0,0,98062.0,0.282421807823346,,3,,New York,Late,On-time,On-time,Late,Late,Missed,,0.0,
CUST0226,41,180983.0,776.0,0.168151076322169,6,0.0,14756.0,0.340827164090203,EMP,6.0,Platinum,Los Angeles,Missed,On-time,On-time,Late,Late,Late,0.168151076322169,0.340827164090203
CUST0227,32,20569.0,823.0,0.2517362003144499,1,0.0,11061.0,0.376469833466467,Unemployed,1.0,Gold,Los Angeles,Late,Late,Missed,Missed,On-time,Missed,0.2517362003144499,0.376469833466467
CUST0228,71,150683.0,820.0,0.62110795561608,6,0.0,11308.0,0.1758766092639119,Self-employed,5.0,Platinum,New York,Missed,Missed,Missed,On-time,Missed,Late,0.62110795561608,0.1758766092639119
CUST0229,49,753.0,0.24128827216654,4.0,0,62010.0,0.146420973142498,,16,,Houston,Late,Late,On-time,Late,Missed,Missed,,4.0,
CUST0230,49,191615.0,659.0,0.546827509422659,0,1.0,73327.0,0.4090749351990419,Employed,6.0,Student,New York,Missed,Missed,On-time,Late,Missed,On-time,0.546827509422659,0.4090749351990419
CUST0231,41,165580.0,629.0,0.470600243560585,1,0.0,96167.0,0.227958514319616,Self-employed,4.0,Gold,Phoenix,Late,On-time,Missed,Late,Late,On-time,0.470600243560585,0.227958514319616
CUST0232,58,70284.0,696.0,0.427106547495954,1,1.0,2882.0,0.2237717492002679,employed,4.0,Business,Chicago,On-time,On-time,Late,Late,On-time,Late,0.427106547495954,0.2237717492002679
CUST0233,69,127816.0,781.0,0.3343074462064539,2,0.0,32588.0,0.4550249672772159,retired,19.0,Standard,Phoenix,Late,On-time,Late,Late,Missed,Missed,0.3343074462064539,0.4550249672772159
CUST0234,66,85390.0,617.0,0.681868003621075,2,0.0,11061.0,0.3069702314731819,Self-employed,15.0,Gold,Chicago,Late,On-time,On-time,Missed,Missed,Missed,0.681868003621075,0.3069702314731819
CUST0235,66,74101.0,561.0,0.845978230903967,4,0.0,42715.0,0.3076238227681569,EMP,18.0,Standard,Los Angeles,Missed,Late,Missed,Missed,Missed,Missed,0.845978230903967,0.3076238227681569
CUST0236,69,127816.0,345.0,0.560038432520038,1,0.0,2926.0,0.2820200554848459,retired,8.0,Business,Houston,Late,Late,On-time,Missed,Late,Missed,0.560038432520038,0.2820200554848459
CUST0237,29,178273.0,363.0,0.564498143134563,5,0.0,98999.0,0.1776017933256829,Self-employed,4.0,Gold,New York,On-time,Missed,Missed,On-time,Missed,Missed,0.564498143134563,0.1776017933256829
CUST0238,56,61540.0,731.0,0.363533874028501,1,1.0,75777.0,0.3675696949394379,Employed,7.0,Business,Houston,On-time,Missed,On-time,Missed,On-time,On-time,0.363533874028501,0.3675696949394379
CUST0239,19,170576.0,729.0,0.2607805536351239,2,0.0,29561.0,0.3409450521925619,Employed,8.0,Platinum,New York,On-time,Late,On-time,Missed,Missed,Late,0.2607805536351239,0.3409450521925619
CUST0240,20,191615.0,332.0,0.492052219038765,5,0.0,44439.0,0.316869132533943,employed,4.0,Business,Phoenix,On-time,On-time,Missed,On-time,Late,On-time,0.492052219038765,0.316869132533943
CUST0241,66,138961.0,563.0,0.3052500704083839,0,0.0,33772.0,0.288367696072374,Unemployed,9.0,Platinum,Phoenix,On-time,Late,Missed,Late,Missed,Missed,0.3052500704083839,0.288367696072374
CUST0242,54,114657.0,522.0,0.1454779743368349,0,0.0,31481.0,0.2707680350661709,retired,1.0,Gold,New York,Late,Missed,Late,On-time,Missed,Late,0.1454779743368349,0.2707680350661709
CUST0243,66,76813.0,749.0,0.660689162473116,6,0.0,29584.0,0.3912483389547409,EMP,8.0,Platinum,Houston,On-time,On-time,Late,Late,On-time,Late,0.660689162473116,0.3912483389547409
CUST0244,73,48307.0,319.0,0.670433357650366,3,0.0,0.28587069367939,,10,,New York,Late,On-time,Late,Late,Missed,Late,,0.670433357650366,
CUST0245,34,193677.0,380.0,0.328232245409381,2,0.0,83604.0,0.293593896146611,Unemployed,3.0,Gold,Los Angeles,Late,On-time,Missed,On-time,Missed,Missed,0.328232245409381,0.293593896146611
CUST0246,66,186334.0,521.0,0.548792864255848,3,0.0,20052.0,0.3529893154883769,Employed,1.0,Student,Phoenix,Missed,Late,Missed,Missed,On-time,Late,0.548792864255848,0.3529893154883769
CUST0247,19,74163.0,623.0,0.700390453558353,5,0.0,15424.0,0.320796093068038,Employed,5.0,Gold,Los Angeles,Missed,Late,Missed,Late,Late,On-time,0.700390453558353,0.320796093068038
CUST0248,19,102235.0,412.0,0.541005337412375,2,1.0,26649.0,0.4642276057540429,Self-employed,13.0,Platinum,Phoenix,On-time,Late,On-time,On-time,On-time,Late,0.541005337412375,0.4642276057540429
CUST0249,45,27763.0,655.0,0.261369070780253,4,0.0,52425.0,0.1238633222526689,employed,0.0,Student,Phoenix,On-time,On-time,Late,Late,Missed,Late,0.261369070780253,0.1238633222526689
CUST0250,71,39285.0,818.0,0.45342131735258,1,0.0,99620.0,0.329990743836726,retired,17.0,Student,Chicago,Missed,On-time,Missed,Missed,On-time,On-time,0.45342131735258,0.329990743836726
CUST0251,40,66991.0,337.0,0.765361884008398,4,0.0,23431.0,0.229439421952783,employed,6.0,Gold,Los Angeles,Missed,Missed,On-time,Late,Late,Missed,0.765361884008398,0.229439421952783
CUST0252,54,185883.0,663.0,0.5494053287210219,5,1.0,95074.0,0.205791346524507,employed,0.0,Business,Los Angeles,Missed,On-time,Missed,Late,On-time,Late,0.5494053287210219,0.205791346524507
CUST0253,49,119185.0,635.0,0.607826420636561,2,0.0,31674.0,0.254293579395565,Self-employed,0.0,Business,Chicago,Missed,Missed,Late,Missed,Late,On-time,0.607826420636561,0.254293579395565
CUST0254,50,98042.0,847.0,0.568325843873822,5,1.0,90739.0,0.305467940848176,employed,0.0,Student,Houston,On-time,Missed,Late,Missed,Missed,On-time,0.568325843873822,0.305467940848176
CUST0255,18,116042.0,544.0,0.328897728404349,1,0.0,30509.0,0.30990690759234,Unemployed,3.0,Gold,Los Angeles,Missed,Late,On-time,On-time,Missed,Missed,0.328897728404349,0.30990690759234
CUST0256,36,95219.0,535.0,0.375830956143471,0,0.0,41594.0,0.1482693784321499,Self-employed,3.0,Business,New York,On-time,Missed,Missed,On-time,On-time,Late,0.375830956143471,0.1482693784321499
CUST0257,19,155734.0,524.0,0.5677730314103479,0,0.0,3142.0,0.245891617032218,Unemployed,17.0,Gold,Chicago,On-time,On-time,On-time,On-time,Late,Missed,0.5677730314103479,0.245891617032218
CUST0258,70,116042.0,608.0,0.663374356004081,5,1.0,63443.0,0.3281221551476449,Self-employed,10.0,Gold,Los Angeles,Late,On-time,Missed,Late,Missed,On-time,0.663374356004081,0.3281221551476449
CUST0259,61,109456.0,354.0,0.7199809901835759,3,0.0,8526.0,0.212306954921634,employed,0.0,Student,Houston,Late,Missed,On-time,Missed,On-time,Missed,0.7199809901835759,0.212306954921634
CUST0260,43,70284.0,405.0,0.3283788910463609,2,0.0,10778.0,0.188521609528348,Unemployed,9.0,Student,Los Angeles,Late,Missed,Missed,On-time,Missed,On-time,0.3283788910463609,0.188521609528348
CUST0261,49,61540.0,777.0,0.5866241069354379,2,0.0,15171.0,0.1,Unemployed,8.0,Standard,Phoenix,On-time,Missed,Late,On-time,On-time,Late,0.5866241069354379,0.1
CUST0262,23,93752.0,350.0,0.737408822343795,0,0.0,11942.0,0.233680655162464,Unemployed,3.0,Business,New York,On-time,Missed,On-time,Late,Missed,Late,0.737408822343795,0.233680655162464
CUST0263,49,42350.0,341.0,0.302583645942395,6,0.0,83022.0,0.185037080104918,Self-employed,5.0,Business,Chicago,Late,Missed,Missed,Late,Missed,Missed,0.302583645942395,0.185037080104918
CUST0264,72,97750.0,414.0,0.797349427159954,4,0.0,72332.0,0.2016067116889939,EMP,15.0,Business,Phoenix,Late,Missed,Late,Missed,On-time,Missed,0.797349427159954,0.2016067116889939
CUST0265,21,142016.0,445.0,0.827788165468837,6,1.0,65548.0,0.2728179696720339,employed,1.0,Platinum,Houston,Late,On-time,Missed,Late,Late,On-time,0.827788165468837,0.2728179696720339
CUST0266,72,16062.0,584.0,1.02501726792433,1,0.0,92285.0,0.2400171123457099,Unemployed,17.0,Gold,Phoenix,Missed,Late,Missed,Missed,On-time,Late,1.02501726792433,0.2400171123457099
CUST0267,28,75692.0,534.0,0.546186688165998,4,0.0,48397.0,0.183376210614069,retired,9.0,Student,Phoenix,Missed,Missed,Late,Late,Missed,Late,0.546186688165998,0.183376210614069
CUST0268,73,158087.0,669.0,0.547284935252489,4,0.0,68998.0,0.1,EMP,16.0,Business,Houston,Late,Late,Missed,On-time,Missed,Late,0.547284935252489,0.1
CUST0269,34,53765.0,736.0,0.6653988778234629,5,0.0,52413.0,0.3302311305147639,retired,12.0,Standard,Phoenix,Missed,Missed,On-time,On-time,Missed,Late,0.6653988778234629,0.3302311305147639
CUST0270,55,198062.0,766.0,0.659560534609883,0,0.0,50989.0,0.375282721380847,employed,17.0,Business,Chicago,Missed,Missed,On-time,Missed,Late,Late,0.659560534609883,0.375282721380847
CUST0271,41,38049.0,648.0,0.725273372199121,6,0.0,44016.0,0.2603255021005619,employed,12.0,Gold,Los Angeles,Late,Missed,Late,On-time,Missed,Missed,0.725273372199121,0.2603255021005619
CUST0272,22,166222.0,762.0,0.65680663609302,6,0.0,29416.0,0.2734224303545719,Unemployed,16.0,Gold,Phoenix,Late,Missed,Missed,Late,Late,Late,0.65680663609302,0.2734224303545719
CUST0273,69,423.0,0.478787618192392,0.0,1,0.300281051568612,,4.0,Student,,Missed,Late,Missed,Late,Missed,Missed,,,0.0,4.0
CUST0274,51,193031.0,670.0,0.7443994241947,6,1.0,80150.0,0.4578783576612249,Self-employed,10.0,Platinum,Los Angeles,On-time,On-time,Missed,Missed,Late,Missed,0.7443994241947,0.4578783576612249
CUST0275,23,189358.0,823.0,0.285749170061454,0,0.0,2687.0,0.1432292206174219,EMP,6.0,Student,Los Angeles,Late,On-time,On-time,Late,Late,Late,0.285749170061454,0.1432292206174219
CUST0276,39,101188.0,694.0,0.5011704673450749,5,1.0,23685.0,0.258551027412743,EMP,9.0,Business,Phoenix,Late,Late,On-time,Late,On-time,Missed,0.5011704673450749,0.258551027412743
CUST0277,28,421.0,0.812747123209959,3.0,0,77719.0,0.1278027035867279,,16,,Chicago,On-time,Missed,Missed,Late,Missed,On-time,,3.0,
CUST0278,65,54749.0,407.0,0.249950700375936,4,0.0,44439.0,0.3362318458735549,employed,14.0,Student,Phoenix,Missed,Missed,On-time,On-time,On-time,Late,0.249950700375936,0.3362318458735549
CUST0279,33,418.0,0.364504868600567,5.0,0,37905.0,0.2856041606211979,,17,,Houston,Missed,On-time,Late,Missed,Missed,On-time,,5.0,
CUST0280,50,65990.0,622.0,0.6343494582154579,2,0.0,99005.0,0.320299211293607,employed,18.0,Student,Los Angeles,Missed,Missed,Missed,Missed,Late,Missed,0.6343494582154579,0.320299211293607
CUST0281,26,42350.0,825.0,0.57878239464723,1,0.0,46813.0,0.315312256259107,employed,1.0,Gold,Phoenix,Late,Late,Late,Missed,Missed,Late,0.57878239464723,0.315312256259107
CUST0282,23,42350.0,823.0,0.324994918468751,3,1.0,0.3990708253703509,,3,,Los Angeles,On-time,Missed,Missed,Late,Late,Missed,,0.324994918468751,
CUST0283,33,116570.0,452.0,0.416761199453971,2,0.0,50989.0,0.353813296456846,Employed,2.0,Business,Chicago,Missed,On-time,Missed,On-time,Late,Missed,0.416761199453971,0.353813296456846
CUST0284,46,159572.0,724.0,0.2638435874699319,4,1.0,74433.0,0.3830507957660079,EMP,6.0,Business,New York,On-time,On-time,On-time,On-time,Late,Missed,0.2638435874699319,0.3830507957660079
CUST0285,20,116570.0,739.0,0.696096999904114,6,0.0,52331.0,0.193446531010305,retired,17.0,Business,Phoenix,Late,Late,On-time,Late,Late,Missed,0.696096999904114,0.193446531010305
CUST0286,37,190333.0,700.0,0.448823728465893,0,0.0,41958.0,0.4193170864975139,employed,9.0,Business,Phoenix,Late,Missed,On-time,On-time,Late,On-time,0.448823728465893,0.4193170864975139
CUST0287,53,32955.0,482.0,0.8584311821521259,4,1.0,45089.0,0.2277637260511,employed,6.0,Business,Los Angeles,Missed,Missed,Late,Late,Late,Missed,0.8584311821521259,0.2277637260511
CUST0288,36,141131.0,385.0,0.5162200488080039,5,0.0,63375.0,0.233513045737601,Employed,7.0,Standard,Chicago,On-time,Missed,Late,On-time,On-time,On-time,0.5162200488080039,0.233513045737601
CUST0289,43,68682.0,579.0,0.456051939319424,1,0.0,86965.0,0.3270842577352989,retired,5.0,Platinum,Houston,Missed,On-time,Late,Late,On-time,Missed,0.456051939319424,0.3270842577352989
CUST0290,20,16062.0,658.0,0.4366356477416399,5,0.0,67673.0,0.3301918263049269,Self-employed,0.0,Business,Chicago,Late,On-time,On-time,Missed,Late,On-time,0.4366356477416399,0.3301918263049269
CUST0291,36,836.0,0.451160032961514,3.0,0,70406.0,0.192814319776752,,3,,Phoenix,Late,Late,Late,Late,Late,Late,,3.0,
CUST0292,37,155734.0,315.0,0.52216421902676,3,0.0,84521.0,0.2826720708226099,retired,13.0,Business,Houston,Missed,Late,Missed,On-time,Missed,Missed,0.52216421902676,0.2826720708226099
CUST0293,49,38061.0,316.0,1.00248151531566,1,0.0,95267.0,0.448823531686947,Employed,16.0,Student,Chicago,Late,Late,Late,Late,Missed,Missed,1.00248151531566,0.448823531686947
CUST0294,24,436.0,0.4322280659801279,2.0,0,45595.0,0.15316634384659,,19,,New York,Late,Late,On-time,Missed,On-time,Missed,,2.0,
CUST0295,69,43251.0,515.0,0.4387293078457379,2,1.0,52331.0,0.448521924101272,EMP,17.0,Gold,Los Angeles,Missed,Missed,On-time,Late,Late,On-time,0.4387293078457379,0.448521924101272
CUST0296,58,90353.0,658.0,0.513118769136635,3,0.0,82714.0,0.275830154858351,Employed,10.0,Standard,Chicago,Missed,Missed,Late,Missed,Late,Missed,0.513118769136635,0.275830154858351
CUST0297,50,81234.0,310.0,0.7180549012688519,3,0.0,79552.0,0.1,Self-employed,13.0,Student,Chicago,On-time,On-time,On-time,On-time,Missed,On-time,0.7180549012688519,0.1
CUST0298,57,19835.0,793.0,0.2158030877854439,6,0.0,41653.0,0.163326826651709,Unemployed,8.0,Student,New York,Late,On-time,Late,On-time,Missed,Missed,0.2158030877854439,0.163326826651709
CUST0299,56,673.0,0.591018547381929,0.0,1,89660.0,0.20365224622648,,14,,Phoenix,Late,Missed,On-time,Late,Missed,On-time,,0.0,
CUST0300,35,321.0,0.3365149647957669,6.0,0,62342.0,0.237607069921725,,11,,Los Angeles,Missed,Late,Late,Late,Missed,On-time,,6.0,
CUST0301,57,159188.0,415.0,0.6106545377901889,6,0.0,52259.0,0.289528674137466,Employed,9.0,Standard,Chicago,Missed,Late,Late,Missed,On-time,Late,0.6106545377901889,0.289528674137466
CUST0302,18,70479.0,834.0,0.401248011527908,2,0.0,82789.0,0.1,Self-employed,18.0,Student,Houston,Missed,Late,Late,Late,Missed,Late,0.401248011527908,0.1
CUST0303,28,119573.0,700.0,0.05,1,0.0,52217.0,0.318680439247765,EMP,18.0,Standard,Chicago,Missed,Late,Late,Missed,On-time,Missed,0.05,0.318680439247765
CUST0304,45,81234.0,584.0,0.573915520537497,2,0.0,9859.0,0.194490949167511,Employed,5.0,Student,Los Angeles,Late,Late,Missed,Missed,Missed,Late,0.573915520537497,0.194490949167511
CUST0305,74,149415.0,591.0,0.572228954069373,0,0.0,52217.0,0.4390522571601049,Employed,19.0,Business,Chicago,Late,Missed,On-time,On-time,On-time,Late,0.572228954069373,0.4390522571601049
CUST0306,42,136465.0,595.0,0.384183938304114,5,0.0,75316.0,0.272982327925602,EMP,5.0,Student,New York,Late,Late,Late,On-time,Missed,On-time,0.384183938304114,0.272982327925602
CUST0307,67,53494.0,591.0,0.372331227971399,3,0.0,12176.0,0.394284617173272,Self-employed,7.0,Student,Chicago,On-time,On-time,Late,Missed,Late,On-time,0.372331227971399,0.394284617173272
CUST0308,40,307.0,0.237725454982469,3.0,0,71588.0,0.411034897991429,,0,,Chicago,Missed,Late,On-time,Missed,Missed,Missed,,3.0,
CUST0309,48,70479.0,385.0,0.654619988307774,0,1.0,99005.0,0.408327324346621,retired,16.0,Business,Houston,Missed,Late,On-time,Late,Late,On-time,0.654619988307774,0.408327324346621
CUST0310,47,90697.0,682.0,0.676443156493361,6,1.0,46720.0,0.2433593257037509,Employed,16.0,Gold,New York,Late,Missed,Missed,Late,On-time,Late,0.676443156493361,0.2433593257037509
CUST0311,59,19835.0,374.0,0.324189822964822,1,0.0,82909.0,0.242079984227867,EMP,14.0,Gold,New York,Late,Late,On-time,Missed,Late,On-time,0.324189822964822,0.242079984227867
CUST0312,52,176426.0,320.0,0.392013108092229,3,1.0,31674.0,0.277502670071168,Employed,6.0,Business,Chicago,Missed,Late,Missed,Missed,Late,Missed,0.392013108092229,0.277502670071168
CUST0313,24,194208.0,321.0,0.487342175772207,4,0.0,62253.0,0.363623737537892,Unemployed,18.0,Gold,Houston,Missed,On-time,On-time,On-time,Late,Late,0.487342175772207,0.363623737537892
CUST0314,33,181267.0,494.0,0.954173056207109,6,0.0,15938.0,0.2489304730245829,retired,2.0,Business,Chicago,On-time,Missed,Late,On-time,Late,On-time,0.954173056207109,0.2489304730245829
CUST0315,43,77292.0,316.0,0.609024349517786,3,0.0,612.0,0.288073752640975,employed,10.0,Gold,Chicago,Late,Late,Missed,Missed,Late,Late,0.609024349517786,0.288073752640975
CUST0316,65,32019.0,419.0,0.3113168969983239,4,0.0,13355.0,0.327359381633944,Unemployed,19.0,Platinum,Los Angeles,Late,On-time,Late,On-time,On-time,On-time,0.3113168969983239,0.327359381633944
CUST0317,74,102235.0,557.0,0.560756061898101,0,0.0,10778.0,0.2095108073952129,Employed,18.0,Gold,Los Angeles,On-time,On-time,Late,Missed,Missed,On-time,0.560756061898101,0.2095108073952129
CUST0318,69,120891.0,749.0,0.224661691872383,0,1.0,66118.0,0.203189171167088,Self-employed,8.0,Student,Houston,On-time,Late,On-time,On-time,Missed,Late,0.224661691872383,0.203189171167088
CUST0319,66,33017.0,625.0,0.6435980619832339,6,0.0,30443.0,0.2841736118595999,retired,9.0,Business,Phoenix,Missed,Missed,Missed,Late,On-time,On-time,0.6435980619832339,0.2841736118595999
CUST0320,19,53765.0,446.0,0.8351094787088968,3,1.0,86846.0,0.297417881495164,employed,1.0,Standard,Los Angeles,Late,Missed,On-time,On-time,Missed,On-time,0.8351094787088968,0.297417881495164
CUST0321,18,53513.0,391.0,0.835958337016791,2,0.0,82382.0,0.343388548000164,Unemployed,0.0,Standard,Phoenix,Missed,On-time,Late,Missed,Missed,Late,0.835958337016791,0.343388548000164
CUST0322,65,184160.0,316.0,0.6469787006948668,4,0.0,95303.0,0.367188657495155,retired,15.0,Business,New York,Late,On-time,On-time,Late,Late,On-time,0.6469787006948668,0.367188657495155
CUST0323,29,70393.0,715.0,0.3833175288263739,1,0.0,87110.0,0.190093717942835,EMP,17.0,Platinum,Los Angeles,Missed,On-time,Missed,Missed,Missed,On-time,0.3833175288263739,0.190093717942835
CUST0324,22,193352.0,471.0,0.239819648697174,3,0.0,80430.0,0.2187915068056429,Self-employed,16.0,Gold,Los Angeles,On-time,On-time,On-time,On-time,Missed,On-time,0.239819648697174,0.2187915068056429
CUST0325,54,137402.0,358.0,0.2199589913261779,1,0.0,32615.0,0.2029247712436889,Unemployed,5.0,Platinum,Houston,Missed,On-time,Missed,Late,On-time,Late,0.2199589913261779,0.2029247712436889
CUST0326,49,18709.0,534.0,0.05,3,0.0,62561.0,0.441244740159142,EMP,13.0,Standard,Phoenix,On-time,Missed,On-time,Missed,Missed,Missed,0.05,0.441244740159142
CUST0327,72,153311.0,696.0,0.638771152601584,2,0.0,3081.0,0.287972940979746,Employed,14.0,Business,Los Angeles,Late,Late,Missed,On-time,Missed,Late,0.638771152601584,0.287972940979746
CUST0328,26,106267.0,471.0,0.47943289595512,2,0.0,43927.0,0.301612929524502,EMP,13.0,Business,Los Angeles,Missed,Missed,Missed,Late,Missed,Missed,0.47943289595512,0.301612929524502
CUST0329,58,179506.0,461.0,0.681843233290625,6,0.0,32615.0,0.305777436401351,Unemployed,2.0,Platinum,Houston,On-time,Missed,Late,Missed,On-time,Late,0.681843233290625,0.305777436401351
CUST0330,52,26174.0,556.0,0.785606297046957,6,0.0,92183.0,0.2284329986282359,Unemployed,18.0,Platinum,Houston,Late,On-time,On-time,Late,On-time,On-time,0.785606297046957,0.2284329986282359
CUST0331,36,43251.0,644.0,0.5199811087804819,2,0.0,39259.0,0.4564269518946029,Employed,11.0,Gold,Phoenix,On-time,Missed,Missed,On-time,Missed,Late,0.5199811087804819,0.4564269518946029
CUST0332,65,81234.0,326.0,0.52919232194263,5,0.0,17023.0,0.341102665481872,EMP,1.0,Student,New York,On-time,Late,Late,Late,Missed,On-time,0.52919232194263,0.341102665481872
CUST0333,33,85640.0,522.0,0.407135931100506,2,0.0,80150.0,0.303959052977794,EMP,2.0,Student,New York,Missed,Late,Late,Missed,On-time,Late,0.407135931100506,0.303959052977794
CUST0334,20,67638.0,498.0,0.4307831165655179,0,0.0,27446.0,0.1894743578849429,Employed,17.0,Gold,Chicago,Missed,Late,On-time,On-time,On-time,Missed,0.4307831165655179,0.1894743578849429
CUST0335,37,81234.0,339.0,0.6456939824945859,0,1.0,91557.0,0.183806750834375,EMP,0.0,Student,Los Angeles,On-time,On-time,Late,On-time,Missed,Late,0.6456939824945859,0.183806750834375
CUST0336,41,159356.0,658.0,0.465124993926937,5,0.0,44449.0,0.269109246839423,retired,19.0,Standard,Phoenix,Missed,Missed,Late,Missed,Missed,Late,0.465124993926937,0.269109246839423
CUST0337,71,150230.0,627.0,0.436198466649435,4,1.0,31316.0,0.2300008206428169,Employed,5.0,Student,Los Angeles,On-time,Late,On-time,On-time,On-time,Late,0.436198466649435,0.2300008206428169
CUST0338,73,120570.0,820.0,0.4963366281114289,1,0.0,61186.0,0.193255565445344,Self-employed,4.0,Gold,Phoenix,On-time,Missed,Late,Late,On-time,Missed,0.4963366281114289,0.193255565445344
CUST0339,50,117795.0,591.0,0.6772660392123179,3,1.0,51016.0,0.2629041980428439,Unemployed,0.0,Student,Phoenix,Late,Missed,Missed,Late,Missed,Late,0.6772660392123179,0.2629041980428439
CUST0340,41,62295.0,715.0,0.3614676884339789,3,1.0,86488.0,0.2783571971724109,Self-employed,18.0,Business,Phoenix,Late,Late,On-time,Missed,Late,Missed,0.3614676884339789,0.2783571971724109
CUST0341,69,70479.0,361.0,0.486694296489593,5,0.0,11308.0,0.314178542046026,retired,0.0,Platinum,Los Angeles,On-time,Late,Late,Missed,Late,Missed,0.486694296489593,0.314178542046026
CUST0342,28,166836.0,495.0,0.5490555675556859,0,0.0,62253.0,0.249608052862573,retired,15.0,Standard,Houston,Missed,Missed,On-time,Late,Late,Missed,0.5490555675556859,0.249608052862573
CUST0343,66,18267.0,541.0,0.732044380717047,6,0.0,0.199239930533996,,11,,Los Angeles,Late,On-time,Missed,Late,Missed,On-time,,0.732044380717047,
CUST0344,25,118333.0,486.0,0.452140644640116,3,0.0,72809.0,0.2027079114008749,employed,7.0,Business,Phoenix,On-time,On-time,On-time,On-time,Missed,Late,0.452140644640116,0.2027079114008749
CUST0345,53,119573.0,465.0,0.356435322789655,0,0.0,89660.0,0.4212972729226179,employed,15.0,Gold,Chicago,On-time,Missed,On-time,On-time,On-time,Late,0.356435322789655,0.4212972729226179
CUST0346,55,136790.0,655.0,0.4031278111455279,4,0.0,42551.0,0.1748242313638249,Employed,0.0,Platinum,New York,On-time,On-time,On-time,Late,Missed,Missed,0.4031278111455279,0.1748242313638249
CUST0347,57,117023.0,700.0,0.710611486603075,1,0.0,89537.0,0.336318229829127,EMP,3.0,Platinum,Phoenix,On-time,Late,Missed,Missed,Missed,Missed,0.710611486603075,0.336318229829127
CUST0348,37,112007.0,416.0,0.906661059720693,4,0.0,56061.0,0.351954632977439,retired,9.0,Standard,Chicago,Late,On-time,Late,On-time,Late,On-time,0.906661059720693,0.351954632977439
CUST0349,52,99665.0,789.0,0.2372484372627929,5,0.0,76567.0,0.287872452416433,Self-employed,10.0,Gold,Houston,Missed,On-time,Missed,Missed,On-time,On-time,0.2372484372627929,0.287872452416433
CUST0350,65,38289.0,493.0,0.280939676986028,2,0.0,79013.0,0.476782905840517,Self-employed,16.0,Standard,Phoenix,On-time,Missed,Late,Late,On-time,Late,0.280939676986028,0.476782905840517
CUST0351,42,167424.0,341.0,0.4662406426595699,2,1.0,52259.0,0.3501718993027689,Self-employed,6.0,Student,Chicago,Missed,On-time,Late,On-time,Late,Missed,0.4662406426595699,0.3501718993027689
CUST0352,52,98613.0,820.0,0.522191219213608,2,0.0,2200.0,0.4842903048304649,Self-employed,11.0,Business,Phoenix,Missed,Late,Late,Late,Late,Missed,0.522191219213608,0.4842903048304649
CUST0353,42,176426.0,736.0,0.657393913110999,4,0.0,47695.0,0.2348935998085119,employed,6.0,Standard,Los Angeles,Missed,Missed,Late,Late,On-time,Missed,0.657393913110999,0.2348935998085119
CUST0354,46,33017.0,622.0,0.321773398279702,3,0.0,86828.0,0.2366054590106579,Self-employed,11.0,Business,Chicago,On-time,Missed,On-time,Missed,Missed,Late,0.321773398279702,0.2366054590106579
CUST0355,35,52744.0,700.0,0.287378192670107,1,0.0,24623.0,0.352753715868001,EMP,14.0,Gold,Los Angeles,Missed,On-time,Missed,On-time,On-time,Late,0.287378192670107,0.352753715868001
CUST0356,63,149415.0,385.0,0.527617430626726,2,1.0,4265.0,0.273853436268079,employed,1.0,Student,Los Angeles,On-time,On-time,Missed,Late,Missed,Late,0.527617430626726,0.273853436268079
CUST0357,35,32955.0,359.0,0.4483198559585659,5,1.0,77348.0,0.4685665424892009,Self-employed,13.0,Gold,Chicago,Missed,On-time,Missed,On-time,Late,Missed,0.4483198559585659,0.4685665424892009
CUST0358,19,36677.0,611.0,0.685344199554305,5,1.0,11251.0,0.334170038363093,Employed,12.0,Student,New York,Missed,On-time,Late,On-time,Late,On-time,0.685344199554305,0.334170038363093
CUST0359,71,198062.0,538.0,0.597471960638076,2,0.0,25807.0,0.195542578014328,Unemployed,3.0,Student,Chicago,On-time,On-time,Missed,Missed,On-time,Missed,0.597471960638076,0.195542578014328
CUST0360,52,137402.0,617.0,0.611075869526643,2,0.0,78035.0,0.126318359145597,Unemployed,13.0,Business,New York,Missed,On-time,On-time,Missed,Late,Late,0.611075869526643,0.126318359145597
CUST0361,33,38524.0,311.0,0.4791037307246259,1,0.0,68998.0,0.292176140765673,Unemployed,13.0,Gold,Phoenix,On-time,Missed,Late,On-time,On-time,Missed,0.4791037307246259,0.292176140765673
CUST0362,58,180421.0,679.0,0.971116051713641,2,0.0,53553.0,0.2910876870466759,employed,15.0,Gold,Phoenix,Late,Missed,Late,On-time,On-time,Late,0.971116051713641,0.2910876870466759
CUST0363,53,107193.0,316.0,0.332450403681248,1,1.0,86447.0,0.3313765923308379,Self-employed,6.0,Standard,Chicago,Missed,Missed,Missed,Missed,Late,Missed,0.332450403681248,0.3313765923308379
CUST0364,50,21949.0,682.0,0.622161966750955,5,0.0,31449.0,0.4210690573755899,retired,18.0,Gold,Phoenix,Late,On-time,On-time,Late,Missed,Late,0.622161966750955,0.4210690573755899
CUST0365,21,34870.0,622.0,0.246062002585378,2,0.0,13761.0,0.4079113303993919,retired,1.0,Standard,Houston,Missed,On-time,Late,Late,On-time,Late,0.246062002585378,0.4079113303993919
CUST0366,50,59811.0,475.0,0.285306464452109,4,0.0,23125.0,0.242109896766356,retired,9.0,Platinum,Los Angeles,Missed,On-time,Late,Missed,Missed,On-time,0.285306464452109,0.242109896766356
CUST0367,31,42350.0,389.0,0.378530880246909,6,0.0,50310.0,0.1706180598195569,employed,17.0,Platinum,Los Angeles,Missed,On-time,On-time,Missed,Late,Late,0.378530880246909,0.1706180598195569
CUST0368,38,118081.0,523.0,0.8258646673236049,4,0.0,74288.0,0.1765878864990919,EMP,16.0,Platinum,New York,Late,Missed,Late,Late,On-time,Missed,0.8258646673236049,0.1765878864990919
CUST0369,65,28807.0,728.0,0.552778886090803,5,0.0,24670.0,0.226319829467862,Employed,4.0,Gold,Phoenix,Late,On-time,Missed,On-time,On-time,On-time,0.552778886090803,0.226319829467862
CUST0370,37,459.0,0.381904386291124,1.0,0,62561.0,0.263326845196098,,11,,New York,On-time,Missed,On-time,Late,Late,Missed,,1.0,
CUST0371,73,384.0,0.574887265190914,4.0,0,91970.0,0.330506213896516,,5,,Los Angeles,Late,Late,Late,Missed,Missed,Missed,,4.0,
CUST0372,25,90353.0,643.0,0.5070295762849009,1,0.0,88423.0,0.219903240310402,Unemployed,8.0,Student,Los Angeles,Missed,Late,Missed,On-time,Missed,Late,0.5070295762849009,0.219903240310402
CUST0373,24,42350.0,664.0,0.4016053261721759,4,0.0,11251.0,0.328039197111331,retired,19.0,Standard,Phoenix,Late,On-time,On-time,Late,Missed,Late,0.4016053261721759,0.328039197111331
CUST0374,20,76813.0,693.0,0.2206742288423539,4,0.0,85678.0,0.3362040145859049,retired,0.0,Platinum,Houston,On-time,On-time,On-time,Missed,Late,Late,0.2206742288423539,0.3362040145859049
CUST0375,34,101900.0,648.0,0.787708496902458,1,1.0,48942.0,0.3143343882595879,Unemployed,14.0,Standard,Houston,Missed,Missed,Missed,Missed,On-time,Missed,0.787708496902458,0.3143343882595879
CUST0376,50,773.0,0.5419636257420078,3.0,0,7468.0,0.18713770029873,,5,,Phoenix,Missed,Missed,Late,On-time,Missed,Late,,3.0,
CUST0377,65,781.0,0.9347476746936468,4.0,0,26000.0,0.346782672523595,,18,,Phoenix,On-time,Late,On-time,Late,On-time,On-time,,4.0,
CUST0378,29,68932.0,535.0,0.6880643241081759,2,0.0,82909.0,0.508126962876672,EMP,17.0,Standard,New York,Late,Late,On-time,Missed,On-time,Late,0.6880643241081759,0.508126962876672
CUST0379,68,0.610263944952208,6.0,0.0,27490,0.32458968269129,,5.0,Platinum,,Missed,Missed,Missed,Late,On-time,Late,,,0.0,5.0
CUST0380,39,150230.0,742.0,0.412959134276606,5,1.0,33472.0,0.1,EMP,12.0,Platinum,Houston,Late,Late,On-time,Missed,Missed,Late,0.412959134276606,0.1
CUST0381,72,100999.0,823.0,0.2809308872286159,3,0.0,13355.0,0.42408795720469,Unemployed,0.0,Gold,Phoenix,Late,On-time,Late,Missed,Late,On-time,0.2809308872286159,0.42408795720469
CUST0382,39,88963.0,310.0,0.4564538031023099,1,0.0,6118.0,0.229725222330061,Employed,12.0,Standard,New York,Missed,On-time,On-time,Late,Late,On-time,0.4564538031023099,0.229725222330061
CUST0383,63,120616.0,345.0,0.275141481158833,3,0.0,98999.0,0.5265712690495689,Unemployed,6.0,Student,New York,Late,Late,Missed,Missed,Late,Missed,0.275141481158833,0.5265712690495689
CUST0384,47,61540.0,414.0,0.63003807614615,0,0.0,37658.0,0.3116363451365959,EMP,14.0,Gold,New York,On-time,Missed,Missed,Late,On-time,Missed,0.63003807614615,0.3116363451365959
CUST0385,55,53756.0,611.0,0.826530499539426,0,0.0,94309.0,0.1315299306014169,Unemployed,11.0,Standard,New York,Missed,Late,Late,Missed,On-time,Missed,0.826530499539426,0.1315299306014169
CUST0386,55,109297.0,806.0,0.4478175467765729,4,0.0,33354.0,0.1,EMP,0.0,Business,Chicago,Missed,Missed,On-time,Late,Late,On-time,0.4478175467765729,0.1
CUST0387,62,383.0,0.6888981944782389,4.0,0,48942.0,0.453974076267587,,14,,Phoenix,Late,Missed,Late,Missed,Missed,On-time,,4.0,
CUST0388,68,53304.0,469.0,0.362154185956628,2,0.0,31674.0,0.410590498591727,retired,3.0,Student,Los Angeles,Missed,Late,On-time,Late,On-time,Missed,0.362154185956628,0.410590498591727
CUST0389,71,173427.0,550.0,0.4395066323585289,6,0.0,3081.0,0.522601888576669,Employed,12.0,Student,Phoenix,Missed,On-time,Missed,Late,Missed,Missed,0.4395066323585289,0.522601888576669
CUST0390,25,140917.0,725.0,0.337007203086911,5,1.0,16454.0,0.301092448557355,employed,4.0,Student,Chicago,On-time,Missed,Late,Missed,Missed,Missed,0.337007203086911,0.301092448557355
CUST0391,44,96317.0,685.0,0.0733733929858979,3,0.0,63375.0,0.2943470116620309,Self-employed,1.0,Platinum,New York,Late,Late,Missed,Missed,On-time,Missed,0.0733733929858979,0.2943470116620309
CUST0392,44,93832.0,459.0,0.492693330016277,0,0.0,11587.0,0.2617281207841439,Unemployed,0.0,Standard,Chicago,Late,On-time,Late,Late,Late,Missed,0.492693330016277,0.2617281207841439
CUST0393,51,31896.0,834.0,0.52569034751955,4,0.0,49798.0,0.234170975874077,Self-employed,15.0,Gold,Houston,Late,Missed,On-time,On-time,Missed,Late,0.52569034751955,0.234170975874077
CUST0394,38,622.0,0.713172199752327,5.0,0,44454.0,0.260757044554218,,5,,Houston,On-time,Missed,Late,On-time,Missed,On-time,,5.0,
CUST0395,47,70284.0,528.0,0.6590876505338569,3,0.0,30575.0,0.3217463332324019,retired,15.0,Gold,Phoenix,On-time,Late,On-time,On-time,Missed,Missed,0.6590876505338569,0.3217463332324019
CUST0396,50,72043.0,308.0,0.6617905798077989,4,0.0,0.215609921308789,,13,,Phoenix,On-time,On-time,On-time,Missed,Missed,Late,,0.6617905798077989,
CUST0397,45,183152.0,656.0,0.3051927553764239,4,0.0,24835.0,0.1330710653126009,retired,2.0,Standard,Los Angeles,On-time,Late,On-time,Missed,On-time,Late,0.3051927553764239,0.1330710653126009
CUST0398,64,170576.0,337.0,0.591899461214138,0,0.0,19733.0,0.3159876634014169,EMP,14.0,Student,Los Angeles,Late,Missed,Missed,Late,On-time,Missed,0.591899461214138,0.3159876634014169
CUST0399,50,198401.0,523.0,0.816518793096318,0,0.0,52217.0,0.2133804401306559,retired,2.0,Business,Houston,Late,Missed,Missed,Missed,Late,On-time,0.816518793096318,0.2133804401306559
CUST0400,22,86726.0,584.0,0.575973570141816,4,0.0,60278.0,0.1,retired,1.0,Student,New York,On-time,Late,On-time,Late,Missed,On-time,0.575973570141816,0.1
CUST0401,65,180421.0,762.0,0.8657187226129989,1,0.0,91557.0,0.3552567390657009,EMP,0.0,Student,Chicago,Missed,Missed,On-time,On-time,Missed,Late,0.8657187226129989,0.3552567390657009
CUST0402,36,107658.0,306.0,0.903793222223972,4,0.0,55345.0,0.189194096188297,Unemployed,8.0,Gold,Los Angeles,On-time,Missed,Missed,On-time,Late,Late,0.903793222223972,0.189194096188297
CUST0403,21,57318.0,770.0,0.44630634594167,5,1.0,3091.0,0.3661789454690729,EMP,8.0,Business,Los Angeles,On-time,On-time,On-time,Late,Late,On-time,0.44630634594167,0.3661789454690729
CUST0404,52,38524.0,563.0,0.3606120509838849,4,0.0,32207.0,0.363784810651598,employed,6.0,Student,New York,On-time,On-time,Missed,On-time,Late,Missed,0.3606120509838849,0.363784810651598
CUST0405,66,161377.0,380.0,0.347707566916209,2,0.0,98999.0,0.328359001152283,retired,2.0,Student,New York,Late,On-time,On-time,On-time,Missed,Missed,0.347707566916209,0.328359001152283
CUST0406,34,119573.0,360.0,0.1967728359793549,6,0.0,90739.0,0.549681784035649,EMP,17.0,Business,Phoenix,Missed,Late,Late,Late,Missed,Late,0.1967728359793549,0.549681784035649
CUST0407,61,167617.0,638.0,0.396319420116895,2,0.0,85780.0,0.286194815002762,retired,10.0,Business,Chicago,Missed,On-time,Missed,On-time,On-time,Late,0.396319420116895,0.286194815002762
CUST0408,45,627.0,0.741533089951249,2.0,0,44303.0,0.2714360432501409,,6,,New York,On-time,Missed,On-time,Late,Missed,Missed,,2.0,
CUST0409,47,71570.0,341.0,0.0591924849497519,1,0.0,39582.0,0.3683672421416909,Self-employed,8.0,Gold,Los Angeles,On-time,Late,Late,Late,On-time,Late,0.0591924849497519,0.3683672421416909
CUST0410,46,165580.0,734.0,0.2925093198572499,1,0.0,1217.0,0.29445526378862,employed,0.0,Business,Los Angeles,On-time,Late,Missed,On-time,Missed,On-time,0.2925093198572499,0.29445526378862
CUST0411,63,154487.0,595.0,0.4745737116696,4,0.0,89616.0,0.4160493537394,Employed,13.0,Business,Houston,On-time,Missed,Missed,Missed,Late,Missed,0.4745737116696,0.4160493537394
CUST0412,70,130359.0,835.0,0.3245629598756599,2,0.0,47906.0,0.173119409242447,Employed,19.0,Platinum,New York,Missed,On-time,Late,Late,Late,Missed,0.3245629598756599,0.173119409242447
CUST0413,23,58919.0,784.0,0.394542811151955,1,0.0,0.174782555253565,,5,,Phoenix,Missed,On-time,Late,Missed,On-time,Late,,0.394542811151955,
CUST0414,52,109074.0,401.0,0.397534065115539,0,0.0,61210.0,0.376580949132621,retired,6.0,Gold,Chicago,Late,Missed,On-time,On-time,Missed,Missed,0.397534065115539,0.376580949132621
CUST0415,58,152326.0,474.0,0.44849195598765,4,1.0,5626.0,0.1835189060661389,Unemployed,9.0,Student,Phoenix,On-time,Missed,Late,Missed,On-time,Late,0.44849195598765,0.1835189060661389
CUST0416,54,40934.0,694.0,0.3541090607780519,5,0.0,62561.0,0.360909860644271,Unemployed,6.0,Student,Los Angeles,Missed,Late,Late,On-time,Missed,Late,0.3541090607780519,0.360909860644271
CUST0417,41,126888.0,793.0,0.33775735722889,6,0.0,63412.0,0.3370002846210359,Unemployed,1.0,Student,Phoenix,Late,On-time,On-time,Late,Missed,Late,0.33775735722889,0.3370002846210359
CUST0418,46,73243.0,595.0,0.686861949184246,3,0.0,62253.0,0.230551171397233,retired,3.0,Student,Los Angeles,Late,Late,Late,On-time,On-time,Late,0.686861949184246,0.230551171397233
CUST0419,66,452.0,0.709930835572069,4.0,0,46333.0,0.3367170160233429,,16,,Los Angeles,Late,Late,Late,Late,On-time,On-time,,4.0,
CUST0420,63,65990.0,766.0,0.223891330950518,3,0.0,62253.0,0.1765407554215759,Unemployed,0.0,Business,Los Angeles,Late,Late,Late,On-time,On-time,Missed,0.223891330950518,0.1765407554215759
CUST0421,70,180983.0,711.0,0.05,2,0.0,73733.0,0.200010007373629,Self-employed,9.0,Student,Los Angeles,Missed,Missed,Late,Missed,On-time,Missed,0.05,0.200010007373629
CUST0422,48,196415.0,415.0,0.712674969914186,6,0.0,95276.0,0.276281226158793,Employed,18.0,Standard,Los Angeles,On-time,Late,Late,On-time,Missed,Missed,0.712674969914186,0.276281226158793
CUST0423,52,179506.0,398.0,0.2542399162895719,3,0.0,59691.0,0.307892781907222,employed,14.0,Student,Houston,On-time,Late,Missed,On-time,On-time,Missed,0.2542399162895719,0.307892781907222
CUST0424,50,71570.0,634.0,0.542548967691947,2,1.0,36820.0,0.269636146301214,Employed,9.0,Business,Phoenix,Missed,Late,Missed,On-time,Late,Late,0.542548967691947,0.269636146301214
CUST0425,69,104588.0,811.0,0.186865625394356,0,0.0,65548.0,0.343311596387311,Unemployed,18.0,Student,Houston,Missed,On-time,Missed,Missed,Missed,Late,0.186865625394356,0.343311596387311
CUST0426,38,146800.0,500.0,0.7595509970519339,3,0.0,29584.0,0.338846641504829,employed,11.0,Platinum,Houston,Late,On-time,Missed,Missed,Late,Late,0.7595509970519339,0.338846641504829
CUST0427,49,163216.0,768.0,1.0087335790603,6,0.0,60530.0,0.4529366808348139,EMP,15.0,Gold,New York,Late,On-time,Missed,Late,Late,Missed,1.0087335790603,0.4529366808348139
CUST0428,40,193677.0,320.0,0.536561381841067,4,0.0,36913.0,0.290471465285499,Self-employed,8.0,Gold,New York,Missed,On-time,Missed,On-time,Late,Missed,0.536561381841067,0.290471465285499
CUST0429,50,38049.0,673.0,0.4811794703080959,2,0.0,62342.0,0.419456343118412,Unemployed,14.0,Business,New York,On-time,Missed,On-time,Late,Late,On-time,0.4811794703080959,0.419456343118412
CUST0430,20,129821.0,536.0,0.435572084961987,4,1.0,49798.0,0.392072551289389,Unemployed,16.0,Gold,Chicago,Missed,On-time,Missed,Late,Late,On-time,0.435572084961987,0.392072551289389
CUST0431,35,115235.0,691.0,0.656359862262582,6,0.0,95276.0,0.5293977283293139,Self-employed,13.0,Gold,New York,Missed,On-time,Late,On-time,Late,Missed,0.656359862262582,0.5293977283293139
CUST0432,42,108610.0,467.0,0.613537350186917,1,0.0,55812.0,0.287274198009772,Self-employed,17.0,Standard,Phoenix,On-time,Late,Missed,On-time,Late,Missed,0.613537350186917,0.287274198009772
CUST0433,59,31364.0,739.0,0.700699690710572,2,0.0,24851.0,0.257964127854701,EMP,1.0,Business,Houston,On-time,Late,On-time,Missed,On-time,Missed,0.700699690710572,0.257964127854701
CUST0434,48,184160.0,572.0,0.3744166954803829,3,0.0,78289.0,0.4257694222243729,Unemployed,3.0,Business,Phoenix,Late,Late,Late,Late,Missed,Late,0.3744166954803829,0.4257694222243729
CUST0435,71,59238.0,401.0,0.568023541280929,2,0.0,20052.0,0.3385432571741259,retired,17.0,Gold,New York,Missed,On-time,Missed,Missed,Missed,On-time,0.568023541280929,0.3385432571741259
CUST0436,20,68682.0,339.0,0.3915063866587599,4,0.0,88778.0,0.428165921678389,Unemployed,6.0,Gold,Chicago,Late,Missed,Late,On-time,On-time,Late,0.3915063866587599,0.428165921678389
CUST0437,57,28807.0,794.0,0.2884568703859889,0,0.0,95136.0,0.37167987979895,Employed,12.0,Gold,Chicago,Missed,Late,On-time,Missed,Late,Missed,0.2884568703859889,0.37167987979895
CUST0438,63,799.0,0.491796915799307,2.0,0,41743.0,0.1,,14,,Houston,Missed,On-time,Late,On-time,Late,On-time,,2.0,
CUST0439,41,20569.0,427.0,0.315497453924583,3,0.0,87110.0,0.3376321777031179,employed,0.0,Student,Phoenix,Late,On-time,On-time,Late,On-time,On-time,0.315497453924583,0.3376321777031179
CUST0440,67,25916.0,762.0,0.734745399548517,1,0.0,0.331121589795148,,10,,Los Angeles,Missed,Missed,Late,On-time,Missed,Late,,0.734745399548517,
CUST0441,49,127566.0,328.0,0.327615924396835,5,0.0,82438.0,0.313310690246396,employed,9.0,Business,Phoenix,Missed,Missed,Missed,Missed,Missed,Missed,0.327615924396835,0.313310690246396
CUST0442,64,33888.0,398.0,0.5727091881374718,0,0.0,1806.0,0.286775694587661,Self-employed,4.0,Standard,New York,Missed,Late,Late,On-time,On-time,Missed,0.5727091881374718,0.286775694587661
CUST0443,39,152162.0,446.0,0.379315540248055,1,0.0,4106.0,0.140785647220567,employed,15.0,Student,Los Angeles,On-time,Late,On-time,On-time,On-time,On-time,0.379315540248055,0.140785647220567
CUST0444,40,170026.0,788.0,0.555412550087502,2,0.0,95376.0,0.387417691723832,employed,10.0,Standard,Chicago,On-time,Missed,On-time,Late,On-time,On-time,0.555412550087502,0.387417691723832
CUST0445,19,51187.0,549.0,0.3952006853089279,4,0.0,65387.0,0.3373768428093489,Employed,5.0,Business,Houston,Missed,Late,Late,On-time,Missed,Missed,0.3952006853089279,0.3373768428093489
CUST0446,44,108396.0,378.0,0.248557745028492,6,1.0,85678.0,0.4101956697397419,EMP,8.0,Business,Houston,On-time,Late,On-time,Late,Missed,On-time,0.248557745028492,0.4101956697397419
CUST0447,59,16062.0,690.0,0.5967545481903689,4,0.0,73117.0,0.146124447572474,employed,12.0,Standard,Chicago,Missed,On-time,On-time,Missed,Missed,On-time,0.5967545481903689,0.146124447572474
CUST0448,19,167617.0,700.0,0.452916875617355,3,0.0,52256.0,0.350713448954526,retired,7.0,Standard,New York,Missed,Missed,Late,On-time,Missed,Missed,0.452916875617355,0.350713448954526
CUST0449,43,187627.0,584.0,0.557196988144491,4,0.0,10778.0,0.2765340662453429,employed,13.0,Standard,Chicago,On-time,On-time,Missed,Missed,Missed,On-time,0.557196988144491,0.2765340662453429
CUST0450,34,115235.0,781.0,0.414231412873912,0,0.0,62010.0,0.314378800992552,EMP,0.0,Business,New York,Missed,Late,On-time,On-time,Late,Missed,0.414231412873912,0.314378800992552
CUST0451,57,528.0,0.234412697246309,4.0,0,29845.0,0.2776840365819099,,16,,Los Angeles,On-time,Late,On-time,On-time,On-time,Missed,,4.0,
CUST0452,50,99076.0,332.0,0.716635719411251,3,0.0,62010.0,0.354360792748012,EMP,4.0,Standard,Chicago,On-time,Missed,Missed,On-time,Missed,Missed,0.716635719411251,0.354360792748012
CUST0453,26,190333.0,462.0,0.6473515510882168,5,1.0,29416.0,0.2837126879008419,Employed,1.0,Student,New York,Late,Late,Missed,Missed,Late,Missed,0.6473515510882168,0.2837126879008419
CUST0454,60,65612.0,588.0,0.3866078048893509,2,0.0,0.1948085074944309,,8,,Los Angeles,Missed,Missed,On-time,Late,On-time,Missed,,0.3866078048893509,
CUST0455,71,162851.0,622.0,0.513955842699759,6,0.0,77743.0,0.308642541878619,Employed,3.0,Platinum,Chicago,On-time,Missed,Late,Late,Missed,Missed,0.513955842699759,0.308642541878619
CUST0456,65,75566.0,338.0,0.7084038966325868,2,0.0,83236.0,0.278582546286449,Self-employed,16.0,Platinum,Houston,Late,Missed,Late,On-time,Late,On-time,0.7084038966325868,0.278582546286449
CUST0457,56,177993.0,739.0,0.40859233282752,4,0.0,24120.0,0.291660637887111,Self-employed,16.0,Student,Chicago,Late,Late,Missed,On-time,Late,On-time,0.40859233282752,0.291660637887111
CUST0458,46,38049.0,758.0,0.439623098961889,1,0.0,71588.0,0.1,Employed,17.0,Gold,Phoenix,Late,Missed,Late,Missed,Late,On-time,0.439623098961889,0.1
CUST0459,59,350.0,0.548726500001474,2.0,0,24835.0,0.36826360835687,,15,,Chicago,Missed,Late,On-time,On-time,Missed,Late,,2.0,
CUST0460,72,125448.0,354.0,0.408181787289082,5,0.0,0.268533638265321,,7,,Phoenix,Late,Late,Late,Missed,Late,Missed,,0.408181787289082,
CUST0461,43,146800.0,459.0,0.671418399397404,4,1.0,17913.0,0.165184642598173,Employed,10.0,Standard,Los Angeles,Missed,Missed,On-time,On-time,Late,Missed,0.671418399397404,0.165184642598173
CUST0462,52,134180.0,757.0,0.466219843938512,6,0.0,16693.0,0.3922563516848139,employed,17.0,Business,Chicago,Late,Missed,Late,Missed,Missed,On-time,0.466219843938512,0.3922563516848139
CUST0463,67,64922.0,658.0,0.343192825001205,3,0.0,67397.0,0.3636365727752929,retired,9.0,Platinum,Los Angeles,On-time,Late,Late,Missed,On-time,On-time,0.343192825001205,0.3636365727752929
CUST0464,42,837.0,0.621727765974799,5.0,0,45776.0,0.2672679803725139,,12,,Los Angeles,On-time,Missed,On-time,Late,Late,Late,,5.0,
CUST0465,41,24435.0,766.0,0.27157387011373,4,0.0,60530.0,0.1847830620479979,employed,16.0,Student,New York,Missed,On-time,Missed,Missed,Missed,Late,0.27157387011373,0.1847830620479979
CUST0466,30,664.0,0.902975712224842,5.0,0,0.317803073467937,,17.0,Gold,,Missed,Missed,Missed,Late,On-time,On-time,,,5.0,17.0
CUST0467,24,193998.0,700.0,0.81649927271604,2,0.0,18952.0,0.31231060845876,retired,9.0,Student,Los Angeles,Missed,On-time,On-time,Late,Late,Missed,0.81649927271604,0.31231060845876
CUST0468,74,164143.0,580.0,0.6026990953842029,6,0.0,44449.0,0.3924334282991779,Self-employed,15.0,Gold,Chicago,Missed,Late,On-time,Missed,Missed,Late,0.6026990953842029,0.3924334282991779
CUST0469,53,191615.0,796.0,0.5858662043639798,3,0.0,42551.0,0.25562644851395,Unemployed,19.0,Standard,Chicago,Late,Late,On-time,Late,Late,Late,0.5858662043639798,0.25562644851395
CUST0470,62,75566.0,845.0,0.576488283563859,4,0.0,82482.0,0.419492213486499,employed,4.0,Standard,Houston,Late,Late,Late,Missed,Late,Missed,0.576488283563859,0.419492213486499
CUST0471,37,167424.0,813.0,0.402181042816218,0,0.0,33772.0,0.2459746996664229,Unemployed,12.0,Gold,New York,On-time,On-time,Missed,Late,Missed,On-time,0.402181042816218,0.2459746996664229
CUST0472,18,53513.0,617.0,0.5594619291361679,3,0.0,43870.0,0.1654168215457569,Employed,17.0,Platinum,Los Angeles,Late,On-time,On-time,Missed,On-time,Late,0.5594619291361679,0.1654168215457569
CUST0473,25,155932.0,754.0,0.31537347790843,0,0.0,23685.0,0.186771724452271,Unemployed,16.0,Business,New York,On-time,Late,Late,Missed,On-time,Missed,0.31537347790843,0.186771724452271
CUST0474,63,475.0,0.600763683688036,5.0,0,75316.0,0.2937588460864379,,8,,Phoenix,Missed,On-time,Missed,Late,Late,Late,,5.0,
CUST0475,33,38049.0,508.0,0.673569388606259,1,0.0,60348.0,0.2934485490941259,Employed,13.0,Student,Los Angeles,On-time,Late,On-time,Late,Late,Late,0.673569388606259,0.2934485490941259
CUST0476,31,169786.0,822.0,0.424382779803333,3,0.0,48437.0,0.332786114075077,EMP,16.0,Student,New York,Late,Missed,Late,On-time,On-time,Missed,0.424382779803333,0.332786114075077
CUST0477,29,52744.0,796.0,0.380979641169056,5,0.0,44439.0,0.290962596888155,employed,3.0,Standard,Houston,On-time,Late,Missed,Missed,Missed,Late,0.380979641169056,0.290962596888155
CUST0478,68,24435.0,307.0,0.257504595070418,0,1.0,20374.0,0.3977318516064319,employed,17.0,Student,Houston,On-time,On-time,Missed,Late,Missed,On-time,0.257504595070418,0.3977318516064319
CUST0479,40,87474.0,429.0,0.7915910467131378,2,0.0,26417.0,0.273890590153742,Unemployed,19.0,Business,Los Angeles,On-time,Late,Missed,On-time,On-time,On-time,0.7915910467131378,0.273890590153742
CUST0480,32,86726.0,799.0,0.396867193231557,2,0.0,54622.0,0.100372373512858,retired,14.0,Business,Phoenix,Late,On-time,On-time,Missed,Late,On-time,0.396867193231557,0.100372373512858
CUST0481,45,59482.0,346.0,0.460252192796675,1,0.0,85678.0,0.28789033115342,Employed,10.0,Gold,Houston,Late,On-time,On-time,Missed,On-time,Late,0.460252192796675,0.28789033115342
CUST0482,51,59811.0,792.0,0.5600311169991449,3,0.0,0.1,,11,,Houston,Late,Late,Late,On-time,On-time,Late,,0.5600311169991449,
CUST0483,19,766.0,0.556441528577986,3.0,0,0.3271390980997689,,8.0,Business,,Missed,On-time,Late,Late,Missed,Late,,,3.0,8.0
CUST0484,49,147396.0,401.0,0.649312019136214,3,0.0,7468.0,0.4057192998984909,employed,12.0,Platinum,New York,Missed,On-time,On-time,Late,Missed,On-time,0.649312019136214,0.4057192998984909
CUST0485,40,116570.0,556.0,0.424134016032334,5,0.0,76567.0,0.201377551371748,Employed,14.0,Standard,Houston,Missed,On-time,Late,Missed,On-time,On-time,0.424134016032334,0.201377551371748
CUST0486,39,39285.0,567.0,0.272266412305817,6,0.0,37463.0,0.441855668639185,EMP,14.0,Standard,Chicago,Missed,Missed,On-time,Late,Missed,Late,0.272266412305817,0.441855668639185
CUST0487,68,43732.0,524.0,0.2372669382055359,6,0.0,53553.0,0.384283124472843,retired,4.0,Business,Houston,On-time,Late,On-time,On-time,On-time,On-time,0.2372669382055359,0.384283124472843
CUST0488,42,188420.0,550.0,0.38414895343143,1,0.0,86846.0,0.4206480155415049,Unemployed,18.0,Platinum,New York,On-time,Missed,Late,Missed,Missed,On-time,0.38414895343143,0.4206480155415049
CUST0489,39,115497.0,665.0,0.3096299050650749,3,0.0,64110.0,0.318956385643463,Self-employed,19.0,Gold,New York,Late,Missed,Late,On-time,On-time,Missed,0.3096299050650749,0.318956385643463
CUST0490,39,153877.0,618.0,0.4392766589384479,5,0.0,36029.0,0.200723482424817,Employed,13.0,Business,Los Angeles,On-time,Missed,On-time,On-time,Late,On-time,0.4392766589384479,0.200723482424817
CUST0491,66,54954.0,825.0,0.761515762151996,2,0.0,77743.0,0.3780815427814129,Self-employed,16.0,Platinum,Chicago,Late,Missed,On-time,On-time,Missed,On-time,0.761515762151996,0.3780815427814129
CUST0492,69,177993.0,818.0,0.424544358823262,0,0.0,32630.0,0.2375399093231659,employed,17.0,Standard,New York,Missed,Missed,Missed,Late,Late,On-time,0.424544358823262,0.2375399093231659
CUST0493,59,191517.0,813.0,0.424469827733088,5,0.0,23047.0,0.311788450610335,Unemployed,2.0,Platinum,Phoenix,Missed,Missed,Late,Late,On-time,Late,0.424469827733088,0.311788450610335
CUST0494,23,168487.0,306.0,0.496720244748842,6,0.0,5539.0,0.2828649007196379,Unemployed,1.0,Standard,Chicago,Missed,On-time,On-time,On-time,Missed,On-time,0.496720244748842,0.2828649007196379
CUST0495,32,811.0,0.418875001757586,6.0,1,16699.0,0.412469585679689,,0,,Chicago,Late,Late,Late,On-time,On-time,On-time,,6.0,
CUST0496,71,48307.0,688.0,0.486521752856361,2,0.0,12707.0,0.373032700592332,retired,9.0,Business,Phoenix,On-time,On-time,Missed,On-time,On-time,Late,0.486521752856361,0.373032700592332
CUST0497,60,86180.0,836.0,0.6081738444962689,2,1.0,45595.0,0.291943420168762,Unemployed,18.0,Student,Houston,On-time,On-time,Late,Late,Late,Missed,0.6081738444962689,0.291943420168762
CUST0498,54,152326.0,847.0,0.676950210952662,0,0.0,44449.0,0.104839280645984,Employed,16.0,Student,Phoenix,On-time,Late,Late,On-time,Late,Missed,0.676950210952662,0.104839280645984
CUST0499,50,105852.0,343.0,0.7006426399478038,2,1.0,11155.0,0.236477253347079,Employed,11.0,Student,Phoenix,Late,On-time,Late,Missed,On-time,Missed,0.7006426399478038,0.236477253347079
CUST0500,25,40945.0,442.0,0.911370444146204,1,0.0,36968.0,0.370422228948441,Self-employed,0.0,Business,Houston,Missed,Late,Late,On-time,Late,On-time,0.911370444146204,0.370422228948441
